序號,商店名稱,售貨員帳號,交易日期,交易時間,是否退款,交易序號,交易類別,卡號,發卡公司,卡別,發票號碼,發票類別,發票狀態,發票列印狀態,載具號碼,買方統編,卡機號碼,清分狀態,清分日期,原始金額,實際扣款金額,優惠金額,退款金額,行動支付交易序號,所屬公司ID,公司ID
1.0,希利創新_7-11 愿橋,1950upload,20260208,235948,否,AM69223B38-260208235948,扣款,,現金,,,免開發票-不印收據,銷售,未列印,,,TV1Q04673,卡機未結帳,,10,10,0,,,1946,1950
2.0,希利創新_7-11 愿橋,1950upload,20260208,235734,否,AM691808D2-260208235734,扣款,,現金,,,免開發票-不印收據,銷售,未列印,,,TV1Q01940,卡機未結帳,,10,10,0,,,1946,1950
3.0,希利創新_7-11 瑞賢,1953upload,20260208,231037,否,AM69190230-260208231037,扣款,,現金,,,免開發票-不印收據,銷售,未列印,,,TV1Q01950,卡機未結帳,,10,10,0,,,1946,1953
4.0,希利創新_7-11 瑞賢,1953upload,20260208,231022,否,AM69190230-260208231022,扣款,,現金,,,免開發票-不印收據,銷售,未列印,,,TV1Q01950,卡機未結帳,,10,10,0,,,1946,1953
5.0,希利創新_7-11 瑞賢,1953upload,20260208,231006,否,AM69190230-260208231006,扣款,,現金,,,免開發票-不印收據,銷售,未列印,,,TV1Q01950,卡機未結帳,,10,10,0,,,1946,1953
6.0,希利創新_7-11 瑞賢,1953upload,20260208,230943,否,AM69190230-260208230943,扣款,,現金,,,免開發票-不印收據,銷售,未列印,,,TV1Q01950,卡機未結帳,,10,10,0,,,1946,1953
7.0,希利創新_7-11 瑞賢,1953upload,20260208,230759,否,AM69190230-260208230759,扣款,,現金,,,免開發票-不印收據,銷售,未列印,,,TV1Q01950,卡機未結帳,,10,10,0,,,1946,1953
8.0,希利創新_7-11 瑞賢,1953upload,20260208,230746,否,AM69190230-260208230746,扣款,,現金,,,免開發票-不印收據,銷售,未列印,,,TV1Q01950,卡機未結帳,,10,10,0,,,1946,1953
9.0,希利創新_7-11 瑞賢,1953upload,20260208,230729,否,AM69190230-260208230729,扣款,,現金,,,免開發票-不印收據,銷售,未列印,,,TV1Q01950,卡機未結帳,,10,10,0,,,1946,1953
10.0,希利創新_7-11 瑞賢,1953upload,20260208,230716,否,AM69190230-260208230716,扣款,,現金,,,免開發票-不印收據,銷售,未列印,,,TV1Q01950,卡機未結帳,,10,10,0,,,1946,1953
11.0,希利創新_7-11 瑞賢,1953upload,20260208,230700,否,AM69190230-260208230700,扣款,,現金,,,免開發票-不印收據,銷售,未列印,,,TV1Q01950,卡機未結帳,,10,10,0,,,1946,1953
12.0,希利創新_7-11 瑞賢,1953upload,20260208,230637,否,AM69190230-260208230637,扣款,,現金,,,免開發票-不印收據,銷售,未列印,,,TV1Q01950,卡機未結帳,,10,10,0,,,1946,1953
13.0,希利創新_7-11 瑞賢,1953upload,20260208,230626,否,AM69190230-260208230626,扣款,,現金,,,免開發票-不印收據,銷售,未列印,,,TV1Q01950,卡機未結帳,,10,10,0,,,1946,1953
14.0,希利創新_7-11 瑞賢,1953upload,20260208,230612,否,AM69190230-260208230612,扣款,,現金,,,免開發票-不印收據,銷售,未列印,,,TV1Q01950,卡機未結帳,,10,10,0,,,1946,1953
15.0,希利創新_7-11 瑞賢,1953upload,20260208,230551,否,AM69190230-260208230551,扣款,,現金,,,免開發票-不印收據,銷售,未列印,,,TV1Q01950,卡機未結帳,,10,10,0,,,1946,1953
16.0,希利創新_7-11 瑞賢,1953upload,20260208,230521,否,AM69190230-260208230521,扣款,,現金,,,免開發票-不印收據,銷售,未列印,,,TV1Q01950,卡機未結帳,,10,10,0,,,1946,1953
17.0,希利創新_7-11 瑞賢,1953upload,20260208,230507,否,AM69190230-260208230507,扣款,,現金,,,免開發票-不印收據,銷售,未列印,,,TV1Q01950,卡機未結帳,,10,10,0,,,1946,1953
18.0,希利創新_7-11 瑞賢,1953upload,20260208,230451,否,AM69190230-260208230451,扣款,,現金,,,免開發票-不印收據,銷售,未列印,,,TV1Q01950,卡機未結帳,,10,10,0,,,1946,1953
19.0,希利創新_7-11 瑞賢,1953upload,20260208,230428,否,AM69190230-260208230428,扣款,,現金,,,免開發票-不印收據,銷售,未列印,,,TV1Q01950,卡機未結帳,,10,10,0,,,1946,1953
20.0,希利創新_7-11 瑞賢,1953upload,20260208,230344,否,AM69190230-260208230344,扣款,,現金,,,免開發票-不印收據,銷售,未列印,,,TV1Q01950,卡機未結帳,,10,10,0,,,1946,1953
21.0,希利創新_7-11 瑞賢,1953upload,20260208,230321,否,AM69190230-260208230321,扣款,,現金,,,免開發票-不印收據,銷售,未列印,,,TV1Q01950,卡機未結帳,,10,10,0,,,1946,1953
22.0,希利創新_7-11 瑞賢,1953upload,20260208,230300,否,AM69190230-260208230300,扣款,,現金,,,免開發票-不印收據,銷售,未列印,,,TV1Q01950,卡機未結帳,,10,10,0,,,1946,1953
23.0,希利創新_7-11 愿橋,1950upload,20260208,223841,否,AM691808D2-260208223841,扣款,,現金,,,免開發票-不印收據,銷售,未列印,,,TV1Q01940,卡機未結帳,,10,10,0,,,1946,1950
24.0,希利創新_7-11 愿橋,1950upload,20260208,223820,否,AM691808D2-260208223820,扣款,,現金,,,免開發票-不印收據,銷售,未列印,,,TV1Q01940,卡機未結帳,,10,10,0,,,1946,1950
25.0,希利創新_7-11 愿橋,1950upload,20260208,223800,否,AM691808D2-260208223800,扣款,,現金,,,免開發票-不印收據,銷售,未列印,,,TV1Q01940,卡機未結帳,,10,10,0,,,1946,1950
26.0,希利創新_7-11 愿橋,1950upload,20260208,223744,否,AM691808D2-260208223744,扣款,,現金,,,免開發票-不印收據,銷售,未列印,,,TV1Q01940,卡機未結帳,,10,10,0,,,1946,1950
27.0,希利創新_7-11 瑞賢,1953upload,20260208,222621,否,AM69081914-260208222621,扣款,,現金,,,免開發票-不印收據,銷售,未列印,,,TV1Q01977,卡機未結帳,,10,10,0,,,1946,1953
28.0,希利創新_7-11 瑞賢,1953upload,20260208,222610,否,AM69081914-260208222610,扣款,,現金,,,免開發票-不印收據,銷售,未列印,,,TV1Q01977,卡機未結帳,,10,10,0,,,1946,1953
29.0,希利創新_7-11 瑞賢,1953upload,20260208,221038,否,AM69081914-260208221038,扣款,,現金,,,免開發票-不印收據,銷售,未列印,,,TV1Q01977,卡機未結帳,,10,10,0,,,1946,1953
30.0,希利創新_7-11 瑞賢,1953upload,20260208,221022,否,AM69081914-260208221022,扣款,,現金,,,免開發票-不印收據,銷售,未列印,,,TV1Q01977,卡機未結帳,,10,10,0,,,1946,1953
31.0,希利創新_7-11 瑞賢,1953upload,20260208,220950,否,AM69081914-260208220950,扣款,,現金,,,免開發票-不印收據,銷售,未列印,,,TV1Q01977,卡機未結帳,,10,10,0,,,1946,1953
32.0,希利創新_7-11 瑞賢,1953upload,20260208,220943,否,AM69081914-260208220943,扣款,,現金,,,免開發票-不印收據,銷售,未列印,,,TV1Q01977,卡機未結帳,,10,10,0,,,1946,1953
33.0,希利創新_7-11 瑞賢,1953upload,20260208,220928,否,AM69081914-260208220928,扣款,,現金,,,免開發票-不印收據,銷售,未列印,,,TV1Q01977,卡機未結帳,,10,10,0,,,1946,1953
34.0,希利創新_7-11 瑞賢,1953upload,20260208,220907,否,AM69081914-260208220907,扣款,,現金,,,免開發票-不印收據,銷售,未列印,,,TV1Q01977,卡機未結帳,,10,10,0,,,1946,1953
35.0,希利創新_7-11 瑞賢,1953upload,20260208,220849,否,AM69081914-260208220849,扣款,,現金,,,免開發票-不印收據,銷售,未列印,,,TV1Q01977,卡機未結帳,,10,10,0,,,1946,1953
36.0,希利創新_7-11 瑞賢,1953upload,20260208,220837,否,AM69081914-260208220837,扣款,,現金,,,免開發票-不印收據,銷售,未列印,,,TV1Q01977,卡機未結帳,,10,10,0,,,1946,1953
37.0,希利創新_7-11 瑞賢,1953upload,20260208,220814,否,AM69081914-260208220814,扣款,,現金,,,免開發票-不印收據,銷售,未列印,,,TV1Q01977,卡機未結帳,,10,10,0,,,1946,1953
38.0,希利創新_7-11 瑞賢,1953upload,20260208,220756,否,AM69081914-260208220756,扣款,,現金,,,免開發票-不印收據,銷售,未列印,,,TV1Q01977,卡機未結帳,,10,10,0,,,1946,1953
39.0,希利創新_7-11 瑞賢,1953upload,20260208,220740,否,AM69081914-260208220740,扣款,,現金,,,免開發票-不印收據,銷售,未列印,,,TV1Q01977,卡機未結帳,,10,10,0,,,1946,1953
40.0,希利創新_7-11 瑞賢,1953upload,20260208,220707,否,AM69081914-260208220707,扣款,,現金,,,免開發票-不印收據,銷售,未列印,,,TV1Q01977,卡機未結帳,,10,10,0,,,1946,1953
41.0,希利創新_7-11 瑞賢,1953upload,20260208,220654,否,AM69081914-260208220654,扣款,,現金,,,免開發票-不印收據,銷售,未列印,,,TV1Q01977,卡機未結帳,,10,10,0,,,1946,1953
42.0,希利創新_7-11 瑞賢,1953upload,20260208,220642,否,AM69081914-260208220642,扣款,,現金,,,免開發票-不印收據,銷售,未列印,,,TV1Q01977,卡機未結帳,,10,10,0,,,1946,1953
43.0,希利創新_7-11 瑞賢,1953upload,20260208,220629,否,AM69081914-260208220629,扣款,,現金,,,免開發票-不印收據,銷售,未列印,,,TV1Q01977,卡機未結帳,,10,10,0,,,1946,1953
44.0,希利創新_7-11 瑞賢,1953upload,20260208,220618,否,AM69081914-260208220618,扣款,,現金,,,免開發票-不印收據,銷售,未列印,,,TV1Q01977,卡機未結帳,,10,10,0,,,1946,1953
45.0,希利創新_7-11 瑞賢,1953upload,20260208,220606,否,AM69081914-260208220606,扣款,,現金,,,免開發票-不印收據,銷售,未列印,,,TV1Q01977,卡機未結帳,,10,10,0,,,1946,1953
46.0,希利創新_7-11 瑞賢,1953upload,20260208,220555,否,AM69081914-260208220555,扣款,,現金,,,免開發票-不印收據,銷售,未列印,,,TV1Q01977,卡機未結帳,,10,10,0,,,1946,1953
47.0,希利創新_7-11 愿橋,1950upload,20260208,220101,否,AM69223B38-260208220101,扣款,,現金,,,免開發票-不印收據,銷售,未列印,,,TV1Q04673,卡機未結帳,,10,10,0,,,1946,1950
48.0,希利創新_7-11 愿橋,1950upload,20260208,220022,否,AM69223B38-260208220022,扣款,,現金,,,免開發票-不印收據,銷售,未列印,,,TV1Q04673,卡機未結帳,,10,10,0,,,1946,1950
49.0,希利創新_7-11 愿橋,1950upload,20260208,214559,否,AM691808D2-260208214559,扣款,,現金,,,免開發票-不印收據,銷售,未列印,,,TV1Q01940,卡機未結帳,,10,10,0,,,1946,1950
50.0,希利創新_7-11 愿橋,1950upload,20260208,214548,否,AM691808D2-260208214548,扣款,,現金,,,免開發票-不印收據,銷售,未列印,,,TV1Q01940,卡機未結帳,,10,10,0,,,1946,1950
51.0,希利創新_7-11 愿橋,1950upload,20260208,214536,否,AM691808D2-260208214536,扣款,,現金,,,免開發票-不印收據,銷售,未列印,,,TV1Q01940,卡機未結帳,,10,10,0,,,1946,1950
52.0,希利創新_7-11 高鳳儀,1952upload,20260208,214249,否,AM6905195C-260208214249,扣款,,現金,,,免開發票-不印收據,銷售,未列印,,,TV1Q01887,卡機未結帳,,10,10,0,,,1946,1952
53.0,希利創新_7-11 高鳳儀,1952upload,20260208,214229,否,AM6905195C-260208214229,扣款,,現金,,,免開發票-不印收據,銷售,未列印,,,TV1Q01887,卡機未結帳,,10,10,0,,,1946,1952
54.0,希利創新_7-11 高鳳儀,1952upload,20260208,214208,否,AM6905195C-260208214208,扣款,,現金,,,免開發票-不印收據,銷售,未列印,,,TV1Q01887,卡機未結帳,,10,10,0,,,1946,1952
55.0,希利創新_7-11 十興,1949upload,20260208,211838,否,AM69140008-260208211838,扣款,,現金,,,免開發票-不印收據,銷售,未列印,,,TV1Q05745,卡機未結帳,,10,10,0,,,1946,1949
56.0,希利創新_7-11 愿橋,1950upload,20260208,211624,否,AM691808D2-260208211624,扣款,,現金,,,免開發票-不印收據,銷售,未列印,,,TV1Q01940,卡機未結帳,,10,10,0,,,1946,1950
57.0,希利創新_7-11 愿橋,1950upload,20260208,211603,否,AM691808D2-260208211603,扣款,,現金,,,免開發票-不印收據,銷售,未列印,,,TV1Q01940,卡機未結帳,,10,10,0,,,1946,1950
58.0,希利創新_7-11 愿橋,1950upload,20260208,211523,否,AM69223B38-260208211523,扣款,,現金,,,免開發票-不印收據,銷售,未列印,,,TV1Q04673,卡機未結帳,,10,10,0,,,1946,1950
59.0,希利創新_7-11 愿橋,1950upload,20260208,211509,否,AM69223B38-260208211509,扣款,,現金,,,免開發票-不印收據,銷售,未列印,,,TV1Q04673,卡機未結帳,,10,10,0,,,1946,1950
60.0,希利創新_7-11 愿橋,1950upload,20260208,211439,否,AM69223B38-260208211439,扣款,,現金,,,免開發票-不印收據,銷售,未列印,,,TV1Q04673,卡機未結帳,,10,10,0,,,1946,1950
61.0,希利創新_7-11 愿橋,1950upload,20260208,211426,否,AM69223B38-260208211426,扣款,,現金,,,免開發票-不印收據,銷售,未列印,,,TV1Q04673,卡機未結帳,,10,10,0,,,1946,1950
62.0,希利創新_7-11 愿橋,1950upload,20260208,210533,否,AM69223B38-260208210533,扣款,,現金,,,免開發票-不印收據,銷售,未列印,,,TV1Q04673,卡機未結帳,,10,10,0,,,1946,1950
63.0,希利創新_7-11 愿橋,1950upload,20260208,210512,否,AM69223B38-260208210512,扣款,,現金,,,免開發票-不印收據,銷售,未列印,,,TV1Q04673,卡機未結帳,,10,10,0,,,1946,1950
64.0,希利創新_7-11 愿橋,1950upload,20260208,205718,否,AM69223B38-260208205718,扣款,,現金,,,免開發票-不印收據,銷售,未列印,,,TV1Q04673,卡機未結帳,,10,10,0,,,1946,1950
65.0,希利創新_7-11 冠亨,1947upload,20260208,204953,否,AM69082E5C-260208204953,扣款,,現金,,,免開發票-不印收據,銷售,未列印,,,TV1Q05716,卡機未結帳,,10,10,0,,,1946,1947
66.0,希利創新_7-11 冠亨,1947upload,20260208,204942,否,AM69082E5C-260208204942,扣款,,現金,,,免開發票-不印收據,銷售,未列印,,,TV1Q05716,卡機未結帳,,10,10,0,,,1946,1947
67.0,希利創新_7-11 冠亨,1947upload,20260208,204931,否,AM69082E5C-260208204931,扣款,,現金,,,免開發票-不印收據,銷售,未列印,,,TV1Q05716,卡機未結帳,,10,10,0,,,1946,1947
68.0,希利創新_7-11 冠亨,1947upload,20260208,204917,否,AM69082E5C-260208204917,扣款,,現金,,,免開發票-不印收據,銷售,未列印,,,TV1Q05716,卡機未結帳,,10,10,0,,,1946,1947
69.0,希利創新_7-11 冠亨,1947upload,20260208,204904,否,AM69082E5C-260208204904,扣款,,現金,,,免開發票-不印收據,銷售,未列印,,,TV1Q05716,卡機未結帳,,10,10,0,,,1946,1947
70.0,希利創新_7-11 冠亨,1947upload,20260208,204852,否,AM69082E5C-260208204852,扣款,,現金,,,免開發票-不印收據,銷售,未列印,,,TV1Q05716,卡機未結帳,,10,10,0,,,1946,1947
71.0,希利創新_7-11 冠亨,1947upload,20260208,204839,否,AM69082E5C-260208204839,扣款,,現金,,,免開發票-不印收據,銷售,未列印,,,TV1Q05716,卡機未結帳,,10,10,0,,,1946,1947
72.0,希利創新_7-11 冠亨,1947upload,20260208,204827,否,AM69082E5C-260208204827,扣款,,現金,,,免開發票-不印收據,銷售,未列印,,,TV1Q05716,卡機未結帳,,10,10,0,,,1946,1947
73.0,希利創新_7-11 冠亨,1947upload,20260208,204811,否,AM69082E5C-260208204811,扣款,,現金,,,免開發票-不印收據,銷售,未列印,,,TV1Q05716,卡機未結帳,,10,10,0,,,1946,1947
74.0,希利創新_7-11 冠亨,1947upload,20260208,204800,否,AM69082E5C-260208204800,扣款,,現金,,,免開發票-不印收據,銷售,未列印,,,TV1Q05716,卡機未結帳,,10,10,0,,,1946,1947
75.0,希利創新_7-11 冠亨,1947upload,20260208,204749,否,AM69082E5C-260208204749,扣款,,現金,,,免開發票-不印收據,銷售,未列印,,,TV1Q05716,卡機未結帳,,10,10,0,,,1946,1947
76.0,希利創新_7-11 冠亨,1947upload,20260208,204738,否,AM69082E5C-260208204738,扣款,,現金,,,免開發票-不印收據,銷售,未列印,,,TV1Q05716,卡機未結帳,,10,10,0,,,1946,1947
77.0,希利創新_7-11 冠亨,1947upload,20260208,204726,否,AM69082E5C-260208204726,扣款,,現金,,,免開發票-不印收據,銷售,未列印,,,TV1Q05716,卡機未結帳,,10,10,0,,,1946,1947
78.0,希利創新_7-11 冠亨,1947upload,20260208,204718,否,AM69082E5C-260208204718,扣款,,現金,,,免開發票-不印收據,銷售,未列印,,,TV1Q05716,卡機未結帳,,10,10,0,,,1946,1947
79.0,希利創新_7-11 冠亨,1947upload,20260208,204704,否,AM69082E5C-260208204704,扣款,,現金,,,免開發票-不印收據,銷售,未列印,,,TV1Q05716,卡機未結帳,,10,10,0,,,1946,1947
80.0,希利創新_7-11 冠亨,1947upload,20260208,204653,否,AM69082E5C-260208204653,扣款,,現金,,,免開發票-不印收據,銷售,未列印,,,TV1Q05716,卡機未結帳,,10,10,0,,,1946,1947
81.0,希利創新_7-11 冠亨,1947upload,20260208,204639,否,AM69082E5C-260208204639,扣款,,現金,,,免開發票-不印收據,銷售,未列印,,,TV1Q05716,卡機未結帳,,10,10,0,,,1946,1947
82.0,希利創新_7-11 冠亨,1947upload,20260208,204626,否,AM69082E5C-260208204626,扣款,,現金,,,免開發票-不印收據,銷售,未列印,,,TV1Q05716,卡機未結帳,,10,10,0,,,1946,1947
83.0,希利創新_7-11 冠亨,1947upload,20260208,204612,否,AM69082E5C-260208204612,扣款,,現金,,,免開發票-不印收據,銷售,未列印,,,TV1Q05716,卡機未結帳,,10,10,0,,,1946,1947
84.0,希利創新_7-11 冠亨,1947upload,20260208,204558,否,AM69082E5C-260208204558,扣款,,現金,,,免開發票-不印收據,銷售,未列印,,,TV1Q05716,卡機未結帳,,10,10,0,,,1946,1947
85.0,希利創新_7-11 冠亨,1947upload,20260208,204540,否,AM69082E5C-260208204540,扣款,,現金,,,免開發票-不印收據,銷售,未列印,,,TV1Q05716,卡機未結帳,,10,10,0,,,1946,1947
86.0,希利創新_7-11 高鳳儀,1952upload,20260208,204550,否,AM69303D35-260208204550,扣款,,現金,,,免開發票-不印收據,銷售,未列印,,,TV1Q01825,卡機未結帳,,10,10,0,,,1946,1952
87.0,希利創新_7-11 高鳳儀,1952upload,20260208,204542,否,AM69303D35-260208204542,扣款,,現金,,,免開發票-不印收據,銷售,未列印,,,TV1Q01825,卡機未結帳,,10,10,0,,,1946,1952
88.0,希利創新_7-11 冠亨,1947upload,20260208,204529,否,AM69082E5C-260208204529,扣款,,現金,,,免開發票-不印收據,銷售,未列印,,,TV1Q05716,卡機未結帳,,10,10,0,,,1946,1947
89.0,希利創新_7-11 冠亨,1947upload,20260208,204518,否,AM69082E5C-260208204518,扣款,,現金,,,免開發票-不印收據,銷售,未列印,,,TV1Q05716,卡機未結帳,,10,10,0,,,1946,1947
90.0,希利創新_7-11 高鳳儀,1952upload,20260208,204528,否,AM69303D35-260208204528,扣款,,現金,,,免開發票-不印收據,銷售,未列印,,,TV1Q01825,卡機未結帳,,10,10,0,,,1946,1952
91.0,希利創新_7-11 高鳳儀,1952upload,20260208,204517,否,AM69303D35-260208204517,扣款,,現金,,,免開發票-不印收據,銷售,未列印,,,TV1Q01825,卡機未結帳,,10,10,0,,,1946,1952
92.0,希利創新_7-11 高鳳儀,1952upload,20260208,204506,否,AM69303D35-260208204506,扣款,,現金,,,免開發票-不印收據,銷售,未列印,,,TV1Q01825,卡機未結帳,,10,10,0,,,1946,1952
93.0,希利創新_7-11 高鳳儀,1952upload,20260208,204454,否,AM69303D35-260208204454,扣款,,現金,,,免開發票-不印收據,銷售,未列印,,,TV1Q01825,卡機未結帳,,10,10,0,,,1946,1952
94.0,希利創新_7-11 高鳳儀,1952upload,20260208,204443,否,AM69303D35-260208204443,扣款,,現金,,,免開發票-不印收據,銷售,未列印,,,TV1Q01825,卡機未結帳,,10,10,0,,,1946,1952
95.0,希利創新_7-11 冠亨,1947upload,20260208,204504,否,AM69082E5C-260208204504,扣款,,現金,,,免開發票-不印收據,銷售,未列印,,,TV1Q05716,卡機未結帳,,10,10,0,,,1946,1947
96.0,希利創新_7-11 高鳳儀,1952upload,20260208,204429,否,AM69303D35-260208204429,扣款,,現金,,,免開發票-不印收據,銷售,未列印,,,TV1Q01825,卡機未結帳,,10,10,0,,,1946,1952
97.0,希利創新_7-11 高鳳儀,1952upload,20260208,204416,否,AM69303D35-260208204416,扣款,,現金,,,免開發票-不印收據,銷售,未列印,,,TV1Q01825,卡機未結帳,,10,10,0,,,1946,1952
98.0,希利創新_7-11 高鳳儀,1952upload,20260208,204405,否,AM69303D35-260208204405,扣款,,現金,,,免開發票-不印收據,銷售,未列印,,,TV1Q01825,卡機未結帳,,10,10,0,,,1946,1952
99.0,希利創新_7-11 高鳳儀,1952upload,20260208,204351,否,AM69303D35-260208204351,扣款,,現金,,,免開發票-不印收據,銷售,未列印,,,TV1Q01825,卡機未結帳,,10,10,0,,,1946,1952
100.0,希利創新_7-11 高鳳儀,1952upload,20260208,204226,否,AM69303D35-260208204226,扣款,,現金,,,免開發票-不印收據,銷售,未列印,,,TV1Q01825,卡機未結帳,,10,10,0,,,1946,1952
101.0,希利創新_7-11 高鳳儀,1952upload,20260208,204214,否,AM69303D35-260208204214,扣款,,現金,,,免開發票-不印收據,銷售,未列印,,,TV1Q01825,卡機未結帳,,10,10,0,,,1946,1952
102.0,希利創新_7-11 高鳳儀,1952upload,20260208,204201,否,AM69303D35-260208204201,扣款,,現金,,,免開發票-不印收據,銷售,未列印,,,TV1Q01825,卡機未結帳,,10,10,0,,,1946,1952
103.0,希利創新_7-11 高鳳儀,1952upload,20260208,204150,否,AM69303D35-260208204150,扣款,,現金,,,免開發票-不印收據,銷售,未列印,,,TV1Q01825,卡機未結帳,,10,10,0,,,1946,1952
104.0,希利創新_7-11 高鳳儀,1952upload,20260208,204138,否,AM69303D35-260208204138,扣款,,現金,,,免開發票-不印收據,銷售,未列印,,,TV1Q01825,卡機未結帳,,10,10,0,,,1946,1952
105.0,希利創新_7-11 高鳳儀,1952upload,20260208,204110,否,AM69303D35-260208204110,扣款,,現金,,,免開發票-不印收據,銷售,未列印,,,TV1Q01825,卡機未結帳,,10,10,0,,,1946,1952
106.0,希利創新_7-11 高鳳儀,1952upload,20260208,204000,否,AM69303D35-260208204000,扣款,,現金,,,免開發票-不印收據,銷售,未列印,,,TV1Q01825,卡機未結帳,,10,10,0,,,1946,1952
107.0,希利創新_7-11 高鳳儀,1952upload,20260208,203946,否,AM69303D35-260208203946,扣款,,現金,,,免開發票-不印收據,銷售,未列印,,,TV1Q01825,卡機未結帳,,10,10,0,,,1946,1952
108.0,希利創新_7-11 瑞賢,1953upload,20260208,202753,否,AM69110B63-260208202753,扣款,,現金,,,免開發票-不印收據,銷售,未列印,,,TV1Q01976,卡機未結帳,,10,10,0,,,1946,1953
109.0,希利創新_7-11 愿橋,1950upload,20260208,201954,否,AM69240C45-260208201954,扣款,,現金,,,免開發票-不印收據,銷售,未列印,,,TV1Q04672,卡機未結帳,,10,10,0,,,1946,1950
110.0,希利創新_7-11 愿橋,1950upload,20260208,202032,否,AM691808D2-260208202032,扣款,,現金,,,免開發票-不印收據,銷售,未列印,,,TV1Q01940,卡機未結帳,,10,10,0,,,1946,1950
111.0,希利創新_7-11 愿橋,1950upload,20260208,202014,否,AM691808D2-260208202014,扣款,,現金,,,免開發票-不印收據,銷售,未列印,,,TV1Q01940,卡機未結帳,,10,10,0,,,1946,1950
112.0,希利創新_7-11 愿橋,1950upload,20260208,201948,否,AM691808D2-260208201948,扣款,,現金,,,免開發票-不印收據,銷售,未列印,,,TV1Q01940,卡機未結帳,,10,10,0,,,1946,1950
113.0,希利創新_7-11 愿橋,1950upload,20260208,201935,否,AM69240C45-260208201935,扣款,,現金,,,免開發票-不印收據,銷售,未列印,,,TV1Q04672,卡機未結帳,,10,10,0,,,1946,1950
114.0,希利創新_7-11 愿橋,1950upload,20260208,201917,否,AM69240C45-260208201917,扣款,,現金,,,免開發票-不印收據,銷售,未列印,,,TV1Q04672,卡機未結帳,,10,10,0,,,1946,1950
115.0,希利創新_7-11 愿橋,1950upload,20260208,201859,否,AM69240C45-260208201859,扣款,,現金,,,免開發票-不印收據,銷售,未列印,,,TV1Q04672,卡機未結帳,,10,10,0,,,1946,1950
116.0,希利創新_7-11 愿橋,1950upload,20260208,201925,否,AM691808D2-260208201925,扣款,,現金,,,免開發票-不印收據,銷售,未列印,,,TV1Q01940,卡機未結帳,,10,10,0,,,1946,1950
117.0,希利創新_7-11 愿橋,1950upload,20260208,201838,否,AM69240C45-260208201838,扣款,,現金,,,免開發票-不印收據,銷售,未列印,,,TV1Q04672,卡機未結帳,,10,10,0,,,1946,1950
118.0,希利創新_7-11 愿橋,1950upload,20260208,201815,否,AM69240C45-260208201815,扣款,,現金,,,免開發票-不印收據,銷售,未列印,,,TV1Q04672,卡機未結帳,,10,10,0,,,1946,1950
119.0,希利創新_7-11 高鳳儀,1952upload,20260208,201643,否,AM6905195C-260208201643,扣款,,現金,,,免開發票-不印收據,銷售,未列印,,,TV1Q01887,卡機未結帳,,10,10,0,,,1946,1952
120.0,希利創新_7-11 瑞賢,1953upload,20260208,201631,否,AM691A31F3-260208201631,扣款,,現金,,,免開發票-不印收據,銷售,未列印,,,TV1Q01974,卡機未結帳,,10,10,0,,,1946,1953
121.0,希利創新_7-11 高鳳儀,1952upload,20260208,201528,否,AM6905195C-260208201528,扣款,,現金,,,免開發票-不印收據,銷售,未列印,,,TV1Q01887,卡機未結帳,,10,10,0,,,1946,1952
122.0,希利創新_7-11 高鳳儀,1952upload,20260208,201619,否,AM69303D35-260208201619,扣款,,現金,,,免開發票-不印收據,銷售,未列印,,,TV1Q01825,卡機未結帳,,10,10,0,,,1946,1952
123.0,希利創新_7-11 瑞賢,1953upload,20260208,201549,否,AM691A31F3-260208201549,扣款,,現金,,,免開發票-不印收據,銷售,未列印,,,TV1Q01974,卡機未結帳,,10,10,0,,,1946,1953
124.0,希利創新_7-11 瑞賢,1953upload,20260208,201523,否,AM691A31F3-260208201523,扣款,,現金,,,免開發票-不印收據,銷售,未列印,,,TV1Q01974,卡機未結帳,,10,10,0,,,1946,1953
125.0,希利創新_7-11 高鳳儀,1952upload,20260208,201452,否,AM6905195C-260208201452,扣款,,現金,,,免開發票-不印收據,銷售,未列印,,,TV1Q01887,卡機未結帳,,10,10,0,,,1946,1952
126.0,希利創新_7-11 高鳳儀,1952upload,20260208,201436,否,AM6905195C-260208201436,扣款,,現金,,,免開發票-不印收據,銷售,未列印,,,TV1Q01887,卡機未結帳,,10,10,0,,,1946,1952
127.0,希利創新_7-11 高鳳儀,1952upload,20260208,201420,否,AM6905195C-260208201420,扣款,,現金,,,免開發票-不印收據,銷售,未列印,,,TV1Q01887,卡機未結帳,,10,10,0,,,1946,1952
128.0,希利創新_7-11 高鳳儀,1952upload,20260208,201236,否,AM6905195C-260208201236,扣款,,現金,,,免開發票-不印收據,銷售,未列印,,,TV1Q01887,卡機未結帳,,10,10,0,,,1946,1952
129.0,希利創新_7-11 高鳳儀,1952upload,20260208,200020,否,AM691021B5-260208200020,扣款,,現金,,,免開發票-不印收據,銷售,未列印,,,TV1Q01896,卡機未結帳,,10,10,0,,,1946,1952
130.0,希利創新_7-11 高鳳儀,1952upload,20260208,200004,否,AM691021B5-260208200004,扣款,,現金,,,免開發票-不印收據,銷售,未列印,,,TV1Q01896,卡機未結帳,,10,10,0,,,1946,1952
131.0,希利創新_7-11 高鳳儀,1952upload,20260208,195939,否,AM691021B5-260208195939,扣款,,現金,,,免開發票-不印收據,銷售,未列印,,,TV1Q01896,卡機未結帳,,10,10,0,,,1946,1952
132.0,希利創新_7-11 高鳳儀,1952upload,20260208,195904,否,AM691021B5-260208195904,扣款,,現金,,,免開發票-不印收據,銷售,未列印,,,TV1Q01896,卡機未結帳,,10,10,0,,,1946,1952
133.0,希利創新_7-11 高鳳儀,1952upload,20260208,195838,否,AM691021B5-260208195838,扣款,,現金,,,免開發票-不印收據,銷售,未列印,,,TV1Q01896,卡機未結帳,,10,10,0,,,1946,1952
134.0,希利創新_7-11 高鳳儀,1952upload,20260208,195822,否,AM691021B5-260208195822,扣款,,現金,,,免開發票-不印收據,銷售,未列印,,,TV1Q01896,卡機未結帳,,10,10,0,,,1946,1952
135.0,希利創新_7-11 高鳳儀,1952upload,20260208,195806,否,AM691021B5-260208195806,扣款,,現金,,,免開發票-不印收據,銷售,未列印,,,TV1Q01896,卡機未結帳,,10,10,0,,,1946,1952
136.0,希利創新_7-11 高鳳儀,1952upload,20260208,195712,否,AM691021B5-260208195712,扣款,,現金,,,免開發票-不印收據,銷售,未列印,,,TV1Q01896,卡機未結帳,,10,10,0,,,1946,1952
137.0,希利創新_7-11 高鳳儀,1952upload,20260208,195649,否,AM691021B5-260208195649,扣款,,現金,,,免開發票-不印收據,銷售,未列印,,,TV1Q01896,卡機未結帳,,10,10,0,,,1946,1952
138.0,希利創新_7-11 高鳳儀,1952upload,20260208,195631,否,AM691021B5-260208195631,扣款,,現金,,,免開發票-不印收據,銷售,未列印,,,TV1Q01896,卡機未結帳,,10,10,0,,,1946,1952
139.0,希利創新_7-11 愿橋,1950upload,20260208,195121,否,AM69240C45-260208195121,扣款,,現金,,,免開發票-不印收據,銷售,未列印,,,TV1Q04672,卡機未結帳,,10,10,0,,,1946,1950
140.0,希利創新_7-11 愿橋,1950upload,20260208,195039,否,AM69240C45-260208195039,扣款,,現金,,,免開發票-不印收據,銷售,未列印,,,TV1Q04672,卡機未結帳,,10,10,0,,,1946,1950
141.0,希利創新_7-11 愿橋,1950upload,20260208,195023,否,AM69240C45-260208195023,扣款,,現金,,,免開發票-不印收據,銷售,未列印,,,TV1Q04672,卡機未結帳,,10,10,0,,,1946,1950
142.0,希利創新_7-11 愿橋,1950upload,20260208,195002,否,AM69240C45-260208195002,扣款,,現金,,,免開發票-不印收據,銷售,未列印,,,TV1Q04672,卡機未結帳,,10,10,0,,,1946,1950
143.0,希利創新_7-11 愿橋,1950upload,20260208,194946,否,AM69240C45-260208194946,扣款,,現金,,,免開發票-不印收據,銷售,未列印,,,TV1Q04672,卡機未結帳,,10,10,0,,,1946,1950
144.0,希利創新_7-11 愿橋,1950upload,20260208,194932,否,AM69240C45-260208194932,扣款,,現金,,,免開發票-不印收據,銷售,未列印,,,TV1Q04672,卡機未結帳,,10,10,0,,,1946,1950
145.0,希利創新_7-11 愿橋,1950upload,20260208,194914,否,AM69240C45-260208194914,扣款,,現金,,,免開發票-不印收據,銷售,未列印,,,TV1Q04672,卡機未結帳,,10,10,0,,,1946,1950
146.0,希利創新_7-11 瑞賢,1953upload,20260208,194400,否,AM69081914-260208194400,扣款,,現金,,,免開發票-不印收據,銷售,未列印,,,TV1Q01977,卡機未結帳,,10,10,0,,,1946,1953
147.0,希利創新_7-11 瑞賢,1953upload,20260208,194143,否,AM691A31F3-260208194143,扣款,,現金,,,免開發票-不印收據,銷售,未列印,,,TV1Q01974,卡機未結帳,,10,10,0,,,1946,1953
148.0,希利創新_7-11 瑞賢,1953upload,20260208,194058,否,AM69110B63-260208194058,扣款,,現金,,,免開發票-不印收據,銷售,未列印,,,TV1Q01976,卡機未結帳,,10,10,0,,,1946,1953
149.0,希利創新_7-11 愿橋,1950upload,20260208,193927,否,AM69240C45-260208193927,扣款,,現金,,,免開發票-不印收據,銷售,未列印,,,TV1Q04672,卡機未結帳,,10,10,0,,,1946,1950
150.0,希利創新_7-11 瑞賢,1953upload,20260208,193949,否,AM691A31F3-260208193949,扣款,,現金,,,免開發票-不印收據,銷售,未列印,,,TV1Q01974,卡機未結帳,,10,10,0,,,1946,1953
151.0,希利創新_7-11 愿橋,1950upload,20260208,193909,否,AM69240C45-260208193909,扣款,,現金,,,免開發票-不印收據,銷售,未列印,,,TV1Q04672,卡機未結帳,,10,10,0,,,1946,1950
152.0,希利創新_7-11 愿橋,1950upload,20260208,193853,否,AM69240C45-260208193853,扣款,,現金,,,免開發票-不印收據,銷售,未列印,,,TV1Q04672,卡機未結帳,,10,10,0,,,1946,1950
153.0,希利創新_7-11 愿橋,1950upload,20260208,193840,否,AM69240C45-260208193840,扣款,,現金,,,免開發票-不印收據,銷售,未列印,,,TV1Q04672,卡機未結帳,,10,10,0,,,1946,1950
154.0,希利創新_7-11 愿橋,1950upload,20260208,193819,否,AM69240C45-260208193819,扣款,,現金,,,免開發票-不印收據,銷售,未列印,,,TV1Q04672,卡機未結帳,,10,10,0,,,1946,1950
155.0,希利創新_7-11 愿橋,1950upload,20260208,193656,否,AM69240C45-260208193656,扣款,,現金,,,免開發票-不印收據,銷售,未列印,,,TV1Q04672,卡機未結帳,,10,10,0,,,1946,1950
156.0,希利創新_7-11 愿橋,1950upload,20260208,193633,否,AM69240C45-260208193633,扣款,,現金,,,免開發票-不印收據,銷售,未列印,,,TV1Q04672,卡機未結帳,,10,10,0,,,1946,1950
157.0,希利創新_7-11 愿橋,1950upload,20260208,193608,否,AM69240C45-260208193608,扣款,,現金,,,免開發票-不印收據,銷售,未列印,,,TV1Q04672,卡機未結帳,,10,10,0,,,1946,1950
158.0,希利創新_7-11 愿橋,1950upload,20260208,193542,否,AM69240C45-260208193542,扣款,,現金,,,免開發票-不印收據,銷售,未列印,,,TV1Q04672,卡機未結帳,,10,10,0,,,1946,1950
159.0,希利創新_7-11 瑞賢,1953upload,20260208,193618,否,AM691A31F3-260208193618,扣款,,現金,,,免開發票-不印收據,銷售,未列印,,,TV1Q01974,卡機未結帳,,10,10,0,,,1946,1953
160.0,希利創新_7-11 瑞賢,1953upload,20260208,193535,否,AM69081914-260208193535,扣款,,現金,,,免開發票-不印收據,銷售,未列印,,,TV1Q01977,卡機未結帳,,10,10,0,,,1946,1953
161.0,希利創新_7-11 愿橋,1950upload,20260208,193522,否,AM69240C45-260208193522,扣款,,現金,,,免開發票-不印收據,銷售,未列印,,,TV1Q04672,卡機未結帳,,10,10,0,,,1946,1950
162.0,希利創新_7-11 高鳳儀,1952upload,20260208,193521,否,AM6905195C-260208193521,扣款,,現金,,,免開發票-不印收據,銷售,未列印,,,TV1Q01887,卡機未結帳,,10,10,0,,,1946,1952
163.0,希利創新_7-11 愿橋,1950upload,20260208,193449,否,AM69240C45-260208193449,扣款,,現金,,,免開發票-不印收據,銷售,未列印,,,TV1Q04672,卡機未結帳,,10,10,0,,,1946,1950
164.0,希利創新_7-11 瑞賢,1953upload,20260208,193425,否,AM69081914-260208193425,扣款,,現金,,,免開發票-不印收據,銷售,未列印,,,TV1Q01977,卡機未結帳,,10,10,0,,,1946,1953
165.0,希利創新_7-11 瑞賢,1953upload,20260208,193347,否,AM69081914-260208193347,扣款,,現金,,,免開發票-不印收據,銷售,未列印,,,TV1Q01977,卡機未結帳,,10,10,0,,,1946,1953
166.0,希利創新_7-11 愿橋,1950upload,20260208,193303,否,AM69240C45-260208193303,扣款,,現金,,,免開發票-不印收據,銷售,未列印,,,TV1Q04672,卡機未結帳,,10,10,0,,,1946,1950
167.0,希利創新_7-11 瑞賢,1953upload,20260208,193158,否,AM69190230-260208193158,扣款,,現金,,,免開發票-不印收據,銷售,未列印,,,TV1Q01950,卡機未結帳,,10,10,0,,,1946,1953
168.0,希利創新_7-11 愿橋,1950upload,20260208,193100,否,AM69240C45-260208193100,扣款,,現金,,,免開發票-不印收據,銷售,未列印,,,TV1Q04672,卡機未結帳,,10,10,0,,,1946,1950
169.0,希利創新_7-11 愿橋,1950upload,20260208,193037,否,AM69240C45-260208193037,扣款,,現金,,,免開發票-不印收據,銷售,未列印,,,TV1Q04672,卡機未結帳,,10,10,0,,,1946,1950
170.0,希利創新_7-11 愿橋,1950upload,20260208,192939,否,AM69240C45-260208192939,扣款,,現金,,,免開發票-不印收據,銷售,未列印,,,TV1Q04672,卡機未結帳,,10,10,0,,,1946,1950
171.0,希利創新_7-11 愿橋,1950upload,20260208,192941,否,AM691808D2-260208192941,扣款,,現金,,,免開發票-不印收據,銷售,未列印,,,TV1Q01940,卡機未結帳,,10,10,0,,,1946,1950
172.0,希利創新_7-11 愿橋,1950upload,20260208,192929,否,AM691808D2-260208192929,扣款,,現金,,,免開發票-不印收據,銷售,未列印,,,TV1Q01940,卡機未結帳,,10,10,0,,,1946,1950
173.0,希利創新_7-11 愿橋,1950upload,20260208,192911,否,AM691808D2-260208192911,扣款,,現金,,,免開發票-不印收據,銷售,未列印,,,TV1Q01940,卡機未結帳,,10,10,0,,,1946,1950
174.0,希利創新_7-11 愿橋,1950upload,20260208,192814,否,AM69240C45-260208192814,扣款,,現金,,,免開發票-不印收據,銷售,未列印,,,TV1Q04672,卡機未結帳,,10,10,0,,,1946,1950
175.0,希利創新_7-11 十興,1949upload,20260208,192731,否,AM69140008-260208192731,扣款,,現金,,,免開發票-不印收據,銷售,未列印,,,TV1Q05745,卡機未結帳,,10,10,0,,,1946,1949
176.0,希利創新_7-11 愿橋,1950upload,20260208,192649,否,AM69240C45-260208192649,扣款,,現金,,,免開發票-不印收據,銷售,未列印,,,TV1Q04672,卡機未結帳,,10,10,0,,,1946,1950
177.0,希利創新_7-11 愿橋,1950upload,20260208,192636,否,AM69240C45-260208192636,扣款,,現金,,,免開發票-不印收據,銷售,未列印,,,TV1Q04672,卡機未結帳,,10,10,0,,,1946,1950
178.0,希利創新_7-11 十興,1949upload,20260208,192656,否,AM69140008-260208192656,扣款,,現金,,,免開發票-不印收據,銷售,未列印,,,TV1Q05745,卡機未結帳,,10,10,0,,,1946,1949
179.0,希利創新_7-11 愿橋,1950upload,20260208,192622,否,AM69240C45-260208192622,扣款,,現金,,,免開發票-不印收據,銷售,未列印,,,TV1Q04672,卡機未結帳,,10,10,0,,,1946,1950
180.0,希利創新_7-11 愿橋,1950upload,20260208,192547,否,AM69240C45-260208192547,扣款,,現金,,,免開發票-不印收據,銷售,未列印,,,TV1Q04672,卡機未結帳,,10,10,0,,,1946,1950
181.0,希利創新_7-11 愿橋,1950upload,20260208,192535,否,AM69240C45-260208192535,扣款,,現金,,,免開發票-不印收據,銷售,未列印,,,TV1Q04672,卡機未結帳,,10,10,0,,,1946,1950
182.0,希利創新_7-11 愿橋,1950upload,20260208,192516,否,AM69223B38-260208192516,扣款,,現金,,,免開發票-不印收據,銷售,未列印,,,TV1Q04673,卡機未結帳,,10,10,0,,,1946,1950
183.0,希利創新_7-11 愿橋,1950upload,20260208,192434,否,AM69240C45-260208192434,扣款,,現金,,,免開發票-不印收據,銷售,未列印,,,TV1Q04672,卡機未結帳,,10,10,0,,,1946,1950
184.0,希利創新_7-11 愿橋,1950upload,20260208,192409,否,AM69240C45-260208192409,扣款,,現金,,,免開發票-不印收據,銷售,未列印,,,TV1Q04672,卡機未結帳,,10,10,0,,,1946,1950
185.0,希利創新_7-11 愿橋,1950upload,20260208,192328,否,AM69223B38-260208192328,扣款,,現金,,,免開發票-不印收據,銷售,未列印,,,TV1Q04673,卡機未結帳,,10,10,0,,,1946,1950
186.0,希利創新_7-11 瑞賢,1953upload,20260208,191614,否,AM691A31F3-260208191614,扣款,,現金,,,免開發票-不印收據,銷售,未列印,,,TV1Q01974,卡機未結帳,,10,10,0,,,1946,1953
187.0,希利創新_7-11 瑞賢,1953upload,20260208,191544,否,AM691A31F3-260208191544,扣款,,現金,,,免開發票-不印收據,銷售,未列印,,,TV1Q01974,卡機未結帳,,10,10,0,,,1946,1953
188.0,希利創新_7-11 高鳳儀,1952upload,20260208,191516,否,AM691021B5-260208191516,扣款,,現金,,,免開發票-不印收據,銷售,未列印,,,TV1Q01896,卡機未結帳,,10,10,0,,,1946,1952
189.0,希利創新_7-11 瑞賢,1953upload,20260208,191514,否,AM69110B63-260208191514,扣款,,現金,,,免開發票-不印收據,銷售,未列印,,,TV1Q01976,卡機未結帳,,10,10,0,,,1946,1953
190.0,希利創新_7-11 高鳳儀,1952upload,20260208,184005,否,AM691021B5-260208184005,扣款,,現金,,,免開發票-不印收據,銷售,未列印,,,TV1Q01896,卡機未結帳,,10,10,0,,,1946,1952
191.0,希利創新_7-11 高鳳儀,1952upload,20260208,183941,否,AM691021B5-260208183941,扣款,,現金,,,免開發票-不印收據,銷售,未列印,,,TV1Q01896,卡機未結帳,,10,10,0,,,1946,1952
192.0,希利創新_7-11 高鳳儀,1952upload,20260208,183916,否,AM691021B5-260208183916,扣款,,現金,,,免開發票-不印收據,銷售,未列印,,,TV1Q01896,卡機未結帳,,10,10,0,,,1946,1952
193.0,希利創新_7-11 高鳳儀,1952upload,20260208,183708,否,AM691021B5-260208183708,扣款,,現金,,,免開發票-不印收據,銷售,未列印,,,TV1Q01896,卡機未結帳,,10,10,0,,,1946,1952
194.0,希利創新_7-11 高鳳儀,1952upload,20260208,183234,否,AM691021B5-260208183234,扣款,,現金,,,免開發票-不印收據,銷售,未列印,,,TV1Q01896,卡機未結帳,,10,10,0,,,1946,1952
195.0,希利創新_7-11 冠亨,1947upload,20260208,183132,否,AM691829A5-260208183132,扣款,,現金,,,免開發票-不印收據,銷售,未列印,,,TV1Q05806,卡機未結帳,,10,10,0,,,1946,1947
196.0,希利創新_7-11 瑞賢,1953upload,20260208,175753,否,AM69190230-260208175753,扣款,,現金,,,免開發票-不印收據,銷售,未列印,,,TV1Q01950,卡機未結帳,,10,10,0,,,1946,1953
197.0,希利創新_7-11 瑞賢,1953upload,20260208,175744,否,AM69190230-260208175744,扣款,,現金,,,免開發票-不印收據,銷售,未列印,,,TV1Q01950,卡機未結帳,,10,10,0,,,1946,1953
198.0,希利創新_7-11 瑞賢,1953upload,20260208,175724,否,AM69190230-260208175724,扣款,,現金,,,免開發票-不印收據,銷售,未列印,,,TV1Q01950,卡機未結帳,,10,10,0,,,1946,1953
199.0,希利創新_7-11 科有,1948upload,20260208,174037,否,AM692D244E-260208174037,扣款,,現金,,,免開發票-不印收據,銷售,未列印,,,TV1Q05758,卡機未結帳,,10,10,0,,,1946,1948
200.0,希利創新_7-11 冠亨,1947upload,20260208,172506,否,AM690F282E-260208172506,扣款,,現金,,,免開發票-不印收據,銷售,未列印,,,TV1Q05752,卡機未結帳,,10,10,0,,,1946,1947
201.0,希利創新_7-11 瑞賢,1953upload,20260208,172437,否,AM69081914-260208172437,扣款,,現金,,,免開發票-不印收據,銷售,未列印,,,TV1Q01977,卡機未結帳,,10,10,0,,,1946,1953
202.0,希利創新_7-11 冠亨,1947upload,20260208,172358,否,AM690F282E-260208172358,扣款,,現金,,,免開發票-不印收據,銷售,未列印,,,TV1Q05752,卡機未結帳,,10,10,0,,,1946,1947
203.0,希利創新_7-11 瑞賢,1953upload,20260208,172416,否,AM69081914-260208172416,扣款,,現金,,,免開發票-不印收據,銷售,未列印,,,TV1Q01977,卡機未結帳,,10,10,0,,,1946,1953
204.0,希利創新_7-11 冠亨,1947upload,20260208,172333,否,AM690F282E-260208172333,扣款,,現金,,,免開發票-不印收據,銷售,未列印,,,TV1Q05752,卡機未結帳,,10,10,0,,,1946,1947
205.0,希利創新_7-11 冠亨,1947upload,20260208,172303,否,AM690F282E-260208172303,扣款,,現金,,,免開發票-不印收據,銷售,未列印,,,TV1Q05752,卡機未結帳,,10,10,0,,,1946,1947
206.0,希利創新_7-11 冠亨,1947upload,20260208,172223,否,AM690F282E-260208172223,扣款,,現金,,,免開發票-不印收據,銷售,未列印,,,TV1Q05752,卡機未結帳,,10,10,0,,,1946,1947
207.0,希利創新_7-11 冠亨,1947upload,20260208,172159,否,AM690F282E-260208172159,扣款,,現金,,,免開發票-不印收據,銷售,未列印,,,TV1Q05752,卡機未結帳,,10,10,0,,,1946,1947
208.0,希利創新_7-11 冠亨,1947upload,20260208,172129,否,AM690F282E-260208172129,扣款,,現金,,,免開發票-不印收據,銷售,未列印,,,TV1Q05752,卡機未結帳,,10,10,0,,,1946,1947
209.0,希利創新_7-11 冠亨,1947upload,20260208,172104,否,AM690F282E-260208172104,扣款,,現金,,,免開發票-不印收據,銷售,未列印,,,TV1Q05752,卡機未結帳,,10,10,0,,,1946,1947
210.0,希利創新_7-11 冠亨,1947upload,20260208,172041,否,AM690F282E-260208172041,扣款,,現金,,,免開發票-不印收據,銷售,未列印,,,TV1Q05752,卡機未結帳,,10,10,0,,,1946,1947
211.0,希利創新_7-11 冠亨,1947upload,20260208,172013,否,AM690F282E-260208172013,扣款,,現金,,,免開發票-不印收據,銷售,未列印,,,TV1Q05752,卡機未結帳,,10,10,0,,,1946,1947
212.0,希利創新_7-11 冠亨,1947upload,20260208,171950,否,AM690F282E-260208171950,扣款,,現金,,,免開發票-不印收據,銷售,未列印,,,TV1Q05752,卡機未結帳,,10,10,0,,,1946,1947
213.0,希利創新_7-11 冠亨,1947upload,20260208,171915,否,AM690F282E-260208171915,扣款,,現金,,,免開發票-不印收據,銷售,未列印,,,TV1Q05752,卡機未結帳,,10,10,0,,,1946,1947
214.0,希利創新_7-11 冠亨,1947upload,20260208,171845,否,AM690F282E-260208171845,扣款,,現金,,,免開發票-不印收據,銷售,未列印,,,TV1Q05752,卡機未結帳,,10,10,0,,,1946,1947
215.0,希利創新_7-11 冠亨,1947upload,20260208,171157,否,AM69082E5C-260208171157,扣款,,現金,,,免開發票-不印收據,銷售,未列印,,,TV1Q05716,卡機未結帳,,10,10,0,,,1946,1947
216.0,希利創新_7-11 冠亨,1947upload,20260208,171127,否,AM69082E5C-260208171127,扣款,,現金,,,免開發票-不印收據,銷售,未列印,,,TV1Q05716,卡機未結帳,,10,10,0,,,1946,1947
217.0,希利創新_7-11 冠亨,1947upload,20260208,171057,否,AM69082E5C-260208171057,扣款,,現金,,,免開發票-不印收據,銷售,未列印,,,TV1Q05716,卡機未結帳,,10,10,0,,,1946,1947
218.0,希利創新_7-11 冠亨,1947upload,20260208,171031,否,AM69082E5C-260208171031,扣款,,現金,,,免開發票-不印收據,銷售,未列印,,,TV1Q05716,卡機未結帳,,10,10,0,,,1946,1947
219.0,希利創新_7-11 冠亨,1947upload,20260208,171003,否,AM69082E5C-260208171003,扣款,,現金,,,免開發票-不印收據,銷售,未列印,,,TV1Q05716,卡機未結帳,,10,10,0,,,1946,1947
220.0,希利創新_7-11 冠亨,1947upload,20260208,170938,否,AM69082E5C-260208170938,扣款,,現金,,,免開發票-不印收據,銷售,未列印,,,TV1Q05716,卡機未結帳,,10,10,0,,,1946,1947
221.0,希利創新_7-11 冠亨,1947upload,20260208,170913,否,AM69082E5C-260208170913,扣款,,現金,,,免開發票-不印收據,銷售,未列印,,,TV1Q05716,卡機未結帳,,10,10,0,,,1946,1947
222.0,希利創新_7-11 冠亨,1947upload,20260208,170845,否,AM69082E5C-260208170845,扣款,,現金,,,免開發票-不印收據,銷售,未列印,,,TV1Q05716,卡機未結帳,,10,10,0,,,1946,1947
223.0,希利創新_7-11 冠亨,1947upload,20260208,170813,否,AM69082E5C-260208170813,扣款,,現金,,,免開發票-不印收據,銷售,未列印,,,TV1Q05716,卡機未結帳,,10,10,0,,,1946,1947
224.0,希利創新_7-11 冠亨,1947upload,20260208,170728,否,AM69082E5C-260208170728,扣款,,現金,,,免開發票-不印收據,銷售,未列印,,,TV1Q05716,卡機未結帳,,10,10,0,,,1946,1947
225.0,希利創新_7-11 瑞賢,1953upload,20260208,170708,否,AM69081914-260208170708,扣款,,現金,,,免開發票-不印收據,銷售,未列印,,,TV1Q01977,卡機未結帳,,10,10,0,,,1946,1953
226.0,希利創新_7-11 十興,1949upload,20260208,170745,否,AM6924094B-260208170745,扣款,,現金,,,免開發票-不印收據,銷售,未列印,,,TV1Q05794,卡機未結帳,,10,10,0,,,1946,1949
227.0,希利創新_7-11 十興,1949upload,20260208,170712,否,AM6924094B-260208170712,扣款,,現金,,,免開發票-不印收據,銷售,未列印,,,TV1Q05794,卡機未結帳,,10,10,0,,,1946,1949
228.0,希利創新_7-11 十興,1949upload,20260208,170656,否,AM6924094B-260208170656,扣款,,現金,,,免開發票-不印收據,銷售,未列印,,,TV1Q05794,卡機未結帳,,10,10,0,,,1946,1949
229.0,希利創新_7-11 瑞賢,1953upload,20260208,170742,否,AM69110B63-260208170742,扣款,,現金,,,免開發票-不印收據,銷售,未列印,,,TV1Q01976,卡機未結帳,,10,10,0,,,1946,1953
230.0,希利創新_7-11 瑞賢,1953upload,20260208,170727,否,AM69190230-260208170727,扣款,,現金,,,免開發票-不印收據,銷售,未列印,,,TV1Q01950,卡機未結帳,,10,10,0,,,1946,1953
231.0,希利創新_7-11 瑞賢,1953upload,20260208,170702,否,AM69190230-260208170702,扣款,,現金,,,免開發票-不印收據,銷售,未列印,,,TV1Q01950,卡機未結帳,,10,10,0,,,1946,1953
232.0,希利創新_7-11 瑞賢,1953upload,20260208,170641,否,AM69190230-260208170641,扣款,,現金,,,免開發票-不印收據,銷售,未列印,,,TV1Q01950,卡機未結帳,,10,10,0,,,1946,1953
233.0,希利創新_7-11 冠亨,1947upload,20260208,170701,否,AM69082E5C-260208170701,扣款,,現金,,,免開發票-不印收據,銷售,未列印,,,TV1Q05716,卡機未結帳,,10,10,0,,,1946,1947
234.0,希利創新_7-11 瑞賢,1953upload,20260208,170638,否,AM69081914-260208170638,扣款,,現金,,,免開發票-不印收據,銷售,未列印,,,TV1Q01977,卡機未結帳,,10,10,0,,,1946,1953
235.0,希利創新_7-11 十興,1949upload,20260208,170640,否,AM6924094B-260208170640,扣款,,現金,,,免開發票-不印收據,銷售,未列印,,,TV1Q05794,卡機未結帳,,10,10,0,,,1946,1949
236.0,希利創新_7-11 十興,1949upload,20260208,170624,否,AM6924094B-260208170624,扣款,,現金,,,免開發票-不印收據,銷售,未列印,,,TV1Q05794,卡機未結帳,,10,10,0,,,1946,1949
237.0,希利創新_7-11 十興,1949upload,20260208,170608,否,AM6924094B-260208170608,扣款,,現金,,,免開發票-不印收據,銷售,未列印,,,TV1Q05794,卡機未結帳,,10,10,0,,,1946,1949
238.0,希利創新_7-11 瑞賢,1953upload,20260208,170627,否,AM69190230-260208170627,扣款,,現金,,,免開發票-不印收據,銷售,未列印,,,TV1Q01950,卡機未結帳,,10,10,0,,,1946,1953
239.0,希利創新_7-11 瑞賢,1953upload,20260208,170609,否,AM69190230-260208170609,扣款,,現金,,,免開發票-不印收據,銷售,未列印,,,TV1Q01950,卡機未結帳,,10,10,0,,,1946,1953
240.0,希利創新_7-11 瑞賢,1953upload,20260208,170548,否,AM69190230-260208170548,扣款,,現金,,,免開發票-不印收據,銷售,未列印,,,TV1Q01950,卡機未結帳,,10,10,0,,,1946,1953
241.0,希利創新_7-11 冠亨,1947upload,20260208,170631,否,AM69082E5C-260208170631,扣款,,現金,,,免開發票-不印收據,銷售,未列印,,,TV1Q05716,卡機未結帳,,10,10,0,,,1946,1947
242.0,希利創新_7-11 瑞賢,1953upload,20260208,170603,否,AM69081914-260208170603,扣款,,現金,,,免開發票-不印收據,銷售,未列印,,,TV1Q01977,卡機未結帳,,10,10,0,,,1946,1953
243.0,希利創新_7-11 冠亨,1947upload,20260208,170603,否,AM69082E5C-260208170603,扣款,,現金,,,免開發票-不印收據,銷售,未列印,,,TV1Q05716,卡機未結帳,,10,10,0,,,1946,1947
244.0,希利創新_7-11 十興,1949upload,20260208,170554,否,AM6924094B-260208170554,扣款,,現金,,,免開發票-不印收據,銷售,未列印,,,TV1Q05794,卡機未結帳,,10,10,0,,,1946,1949
245.0,希利創新_7-11 瑞賢,1953upload,20260208,170539,否,AM69081914-260208170539,扣款,,現金,,,免開發票-不印收據,銷售,未列印,,,TV1Q01977,卡機未結帳,,10,10,0,,,1946,1953
246.0,希利創新_7-11 瑞賢,1953upload,20260208,170532,否,AM69190230-260208170532,扣款,,現金,,,免開發票-不印收據,銷售,未列印,,,TV1Q01950,卡機未結帳,,10,10,0,,,1946,1953
247.0,希利創新_7-11 冠亨,1947upload,20260208,170518,否,AM69082E5C-260208170518,扣款,,現金,,,免開發票-不印收據,銷售,未列印,,,TV1Q05716,卡機未結帳,,10,10,0,,,1946,1947
248.0,希利創新_7-11 瑞賢,1953upload,20260208,170346,否,AM69190230-260208170346,扣款,,現金,,,免開發票-不印收據,銷售,未列印,,,TV1Q01950,卡機未結帳,,10,10,0,,,1946,1953
249.0,希利創新_7-11 瑞賢,1953upload,20260208,170328,否,AM69190230-260208170328,扣款,,現金,,,免開發票-不印收據,銷售,未列印,,,TV1Q01950,卡機未結帳,,10,10,0,,,1946,1953
250.0,希利創新_7-11 十興,1949upload,20260208,170231,否,AM6924094B-260208170231,扣款,,現金,,,免開發票-不印收據,銷售,未列印,,,TV1Q05794,卡機未結帳,,10,10,0,,,1946,1949
251.0,希利創新_7-11 十興,1949upload,20260208,170218,否,AM6924094B-260208170218,扣款,,現金,,,免開發票-不印收據,銷售,未列印,,,TV1Q05794,卡機未結帳,,10,10,0,,,1946,1949
252.0,希利創新_7-11 瑞賢,1953upload,20260208,170229,否,AM69190230-260208170229,扣款,,現金,,,免開發票-不印收據,銷售,未列印,,,TV1Q01950,卡機未結帳,,10,10,0,,,1946,1953
253.0,希利創新_7-11 十興,1949upload,20260208,170201,否,AM6924094B-260208170201,扣款,,現金,,,免開發票-不印收據,銷售,未列印,,,TV1Q05794,卡機未結帳,,10,10,0,,,1946,1949
254.0,希利創新_7-11 瑞賢,1953upload,20260208,170140,否,AM69190230-260208170140,扣款,,現金,,,免開發票-不印收據,銷售,未列印,,,TV1Q01950,卡機未結帳,,10,10,0,,,1946,1953
255.0,希利創新_7-11 瑞賢,1953upload,20260208,170051,否,AM69190230-260208170051,扣款,,現金,,,免開發票-不印收據,銷售,未列印,,,TV1Q01950,卡機未結帳,,10,10,0,,,1946,1953
256.0,希利創新_7-11 愿橋,1950upload,20260208,165148,否,AM69240C45-260208165148,扣款,,現金,,,免開發票-不印收據,銷售,未列印,,,TV1Q04672,卡機未結帳,,10,10,0,,,1946,1950
257.0,希利創新_7-11 愿橋,1950upload,20260208,165115,否,AM69240C45-260208165115,扣款,,現金,,,免開發票-不印收據,銷售,未列印,,,TV1Q04672,卡機未結帳,,10,10,0,,,1946,1950
258.0,希利創新_7-11 愿橋,1950upload,20260208,165043,否,AM69240C45-260208165043,扣款,,現金,,,免開發票-不印收據,銷售,未列印,,,TV1Q04672,卡機未結帳,,10,10,0,,,1946,1950
259.0,希利創新_7-11 愿橋,1950upload,20260208,165015,否,AM69240C45-260208165015,扣款,,現金,,,免開發票-不印收據,銷售,未列印,,,TV1Q04672,卡機未結帳,,10,10,0,,,1946,1950
260.0,希利創新_7-11 冠亨,1947upload,20260208,160945,否,AM691829A5-260208160945,扣款,,現金,,,免開發票-不印收據,銷售,未列印,,,TV1Q05806,卡機未結帳,,10,10,0,,,1946,1947
261.0,希利創新_7-11 冠亨,1947upload,20260208,160853,否,AM691829A5-260208160853,扣款,,現金,,,免開發票-不印收據,銷售,未列印,,,TV1Q05806,卡機未結帳,,10,10,0,,,1946,1947
262.0,希利創新_7-11 冠亨,1947upload,20260208,160827,否,AM691829A5-260208160827,扣款,,現金,,,免開發票-不印收據,銷售,未列印,,,TV1Q05806,卡機未結帳,,10,10,0,,,1946,1947
263.0,希利創新_7-11 冠亨,1947upload,20260208,160809,否,AM691829A5-260208160809,扣款,,現金,,,免開發票-不印收據,銷售,未列印,,,TV1Q05806,卡機未結帳,,10,10,0,,,1946,1947
264.0,希利創新_7-11 科有,1948upload,20260208,155633,否,AM69241B85-260208155633,扣款,,現金,,,免開發票-不印收據,銷售,未列印,,,TV1Q05751,卡機未結帳,,10,10,0,,,1946,1948
265.0,希利創新_7-11 科有,1948upload,20260208,155702,否,AM691F15EC-260208155702,扣款,,現金,,,免開發票-不印收據,銷售,未列印,,,TV1Q05791,卡機未結帳,,10,10,0,,,1946,1948
266.0,希利創新_7-11 科有,1948upload,20260208,155630,否,AM692D244E-260208155630,扣款,,現金,,,免開發票-不印收據,銷售,未列印,,,TV1Q05758,卡機未結帳,,10,10,0,,,1946,1948
267.0,希利創新_7-11 科有,1948upload,20260208,155648,否,AM691F15EC-260208155648,扣款,,現金,,,免開發票-不印收據,銷售,未列印,,,TV1Q05791,卡機未結帳,,10,10,0,,,1946,1948
268.0,希利創新_7-11 愿橋,1950upload,20260208,155625,否,AM69240C45-260208155625,扣款,,現金,,,免開發票-不印收據,銷售,未列印,,,TV1Q04672,卡機未結帳,,10,10,0,,,1946,1950
269.0,希利創新_7-11 科有,1948upload,20260208,155605,否,AM69241B85-260208155605,扣款,,現金,,,免開發票-不印收據,銷售,未列印,,,TV1Q05751,卡機未結帳,,10,10,0,,,1946,1948
270.0,希利創新_7-11 科有,1948upload,20260208,155552,否,AM69241B85-260208155552,扣款,,現金,,,免開發票-不印收據,銷售,未列印,,,TV1Q05751,卡機未結帳,,10,10,0,,,1946,1948
271.0,希利創新_7-11 科有,1948upload,20260208,155612,否,AM692D244E-260208155612,扣款,,現金,,,免開發票-不印收據,銷售,未列印,,,TV1Q05758,卡機未結帳,,10,10,0,,,1946,1948
272.0,希利創新_7-11 科有,1948upload,20260208,155533,否,AM69241B85-260208155533,扣款,,現金,,,免開發票-不印收據,銷售,未列印,,,TV1Q05751,卡機未結帳,,10,10,0,,,1946,1948
273.0,希利創新_7-11 愿橋,1950upload,20260208,155243,否,AM693229E4-260208155243,扣款,,現金,,,免開發票-不印收據,銷售,未列印,,,TV1Q01931,卡機未結帳,,10,10,0,,,1946,1950
274.0,希利創新_7-11 愿橋,1950upload,20260208,154932,否,AM69240C45-260208154932,扣款,,現金,,,免開發票-不印收據,銷售,未列印,,,TV1Q04672,卡機未結帳,,10,10,0,,,1946,1950
275.0,希利創新_7-11 愿橋,1950upload,20260208,154706,否,AM69240C45-260208154706,扣款,,現金,,,免開發票-不印收據,銷售,未列印,,,TV1Q04672,卡機未結帳,,10,10,0,,,1946,1950
276.0,希利創新_7-11 愿橋,1950upload,20260208,154653,否,AM69240C45-260208154653,扣款,,現金,,,免開發票-不印收據,銷售,未列印,,,TV1Q04672,卡機未結帳,,10,10,0,,,1946,1950
277.0,希利創新_7-11 愿橋,1950upload,20260208,154639,否,AM69240C45-260208154639,扣款,,現金,,,免開發票-不印收據,銷售,未列印,,,TV1Q04672,卡機未結帳,,10,10,0,,,1946,1950
278.0,希利創新_7-11 愿橋,1950upload,20260208,154625,否,AM69240C45-260208154625,扣款,,現金,,,免開發票-不印收據,銷售,未列印,,,TV1Q04672,卡機未結帳,,10,10,0,,,1946,1950
279.0,希利創新_7-11 愿橋,1950upload,20260208,154612,否,AM69240C45-260208154612,扣款,,現金,,,免開發票-不印收據,銷售,未列印,,,TV1Q04672,卡機未結帳,,10,10,0,,,1946,1950
280.0,希利創新_7-11 愿橋,1950upload,20260208,154558,否,AM69240C45-260208154558,扣款,,現金,,,免開發票-不印收據,銷售,未列印,,,TV1Q04672,卡機未結帳,,10,10,0,,,1946,1950
281.0,希利創新_7-11 愿橋,1950upload,20260208,154540,否,AM69240C45-260208154540,扣款,,現金,,,免開發票-不印收據,銷售,未列印,,,TV1Q04672,卡機未結帳,,10,10,0,,,1946,1950
282.0,希利創新_7-11 愿橋,1950upload,20260208,154524,否,AM69240C45-260208154524,扣款,,現金,,,免開發票-不印收據,銷售,未列印,,,TV1Q04672,卡機未結帳,,10,10,0,,,1946,1950
283.0,希利創新_7-11 愿橋,1950upload,20260208,154435,否,AM69240C45-260208154435,扣款,,現金,,,免開發票-不印收據,銷售,未列印,,,TV1Q04672,卡機未結帳,,10,10,0,,,1946,1950
284.0,希利創新_7-11 愿橋,1950upload,20260208,154419,否,AM69240C45-260208154419,扣款,,現金,,,免開發票-不印收據,銷售,未列印,,,TV1Q04672,卡機未結帳,,10,10,0,,,1946,1950
285.0,希利創新_7-11 愿橋,1950upload,20260208,154405,否,AM69240C45-260208154405,扣款,,現金,,,免開發票-不印收據,銷售,未列印,,,TV1Q04672,卡機未結帳,,10,10,0,,,1946,1950
286.0,希利創新_7-11 愿橋,1950upload,20260208,154354,否,AM69240C45-260208154354,扣款,,現金,,,免開發票-不印收據,銷售,未列印,,,TV1Q04672,卡機未結帳,,10,10,0,,,1946,1950
287.0,希利創新_7-11 愿橋,1950upload,20260208,154333,否,AM69240C45-260208154333,扣款,,現金,,,免開發票-不印收據,銷售,未列印,,,TV1Q04672,卡機未結帳,,10,10,0,,,1946,1950
288.0,希利創新_7-11 愿橋,1950upload,20260208,154322,否,AM69240C45-260208154322,扣款,,現金,,,免開發票-不印收據,銷售,未列印,,,TV1Q04672,卡機未結帳,,10,10,0,,,1946,1950
289.0,希利創新_7-11 愿橋,1950upload,20260208,154311,否,AM69240C45-260208154311,扣款,,現金,,,免開發票-不印收據,銷售,未列印,,,TV1Q04672,卡機未結帳,,10,10,0,,,1946,1950
290.0,希利創新_7-11 愿橋,1950upload,20260208,154253,否,AM69240C45-260208154253,扣款,,現金,,,免開發票-不印收據,銷售,未列印,,,TV1Q04672,卡機未結帳,,10,10,0,,,1946,1950
291.0,希利創新_7-11 愿橋,1950upload,20260208,154240,否,AM69240C45-260208154240,扣款,,現金,,,免開發票-不印收據,銷售,未列印,,,TV1Q04672,卡機未結帳,,10,10,0,,,1946,1950
292.0,希利創新_7-11 愿橋,1950upload,20260208,154222,否,AM69240C45-260208154222,扣款,,現金,,,免開發票-不印收據,銷售,未列印,,,TV1Q04672,卡機未結帳,,10,10,0,,,1946,1950
293.0,希利創新_7-11 愿橋,1950upload,20260208,154210,否,AM691808D2-260208154210,扣款,,現金,,,免開發票-不印收據,銷售,未列印,,,TV1Q01940,卡機未結帳,,10,10,0,,,1946,1950
294.0,希利創新_7-11 愿橋,1950upload,20260208,154152,否,AM691808D2-260208154152,扣款,,現金,,,免開發票-不印收據,銷售,未列印,,,TV1Q01940,卡機未結帳,,10,10,0,,,1946,1950
295.0,希利創新_7-11 愿橋,1950upload,20260208,154136,否,AM691808D2-260208154136,扣款,,現金,,,免開發票-不印收據,銷售,未列印,,,TV1Q01940,卡機未結帳,,10,10,0,,,1946,1950
296.0,希利創新_7-11 愿橋,1950upload,20260208,154120,否,AM691808D2-260208154120,扣款,,現金,,,免開發票-不印收據,銷售,未列印,,,TV1Q01940,卡機未結帳,,10,10,0,,,1946,1950
297.0,希利創新_7-11 愿橋,1950upload,20260208,154109,否,AM69240C45-260208154109,扣款,,現金,,,免開發票-不印收據,銷售,未列印,,,TV1Q04672,卡機未結帳,,10,10,0,,,1946,1950
298.0,希利創新_7-11 愿橋,1950upload,20260208,154032,否,AM69240C45-260208154032,扣款,,現金,,,免開發票-不印收據,銷售,未列印,,,TV1Q04672,卡機未結帳,,10,10,0,,,1946,1950
299.0,希利創新_7-11 愿橋,1950upload,20260208,154021,否,AM691808D2-260208154021,扣款,,現金,,,免開發票-不印收據,銷售,未列印,,,TV1Q01940,卡機未結帳,,10,10,0,,,1946,1950
300.0,希利創新_7-11 愿橋,1950upload,20260208,154018,否,AM69240C45-260208154018,扣款,,現金,,,免開發票-不印收據,銷售,未列印,,,TV1Q04672,卡機未結帳,,10,10,0,,,1946,1950
301.0,希利創新_7-11 愿橋,1950upload,20260208,154003,否,AM69240C45-260208154003,扣款,,現金,,,免開發票-不印收據,銷售,未列印,,,TV1Q04672,卡機未結帳,,10,10,0,,,1946,1950
302.0,希利創新_7-11 愿橋,1950upload,20260208,153949,否,AM69240C45-260208153949,扣款,,現金,,,免開發票-不印收據,銷售,未列印,,,TV1Q04672,卡機未結帳,,10,10,0,,,1946,1950
303.0,希利創新_7-11 愿橋,1950upload,20260208,153933,否,AM69240C45-260208153933,扣款,,現金,,,免開發票-不印收據,銷售,未列印,,,TV1Q04672,卡機未結帳,,10,10,0,,,1946,1950
304.0,希利創新_7-11 愿橋,1950upload,20260208,153920,否,AM69240C45-260208153920,扣款,,現金,,,免開發票-不印收據,銷售,未列印,,,TV1Q04672,卡機未結帳,,10,10,0,,,1946,1950
305.0,希利創新_7-11 愿橋,1950upload,20260208,153901,否,AM69240C45-260208153901,扣款,,現金,,,免開發票-不印收據,銷售,未列印,,,TV1Q04672,卡機未結帳,,10,10,0,,,1946,1950
306.0,希利創新_7-11 愿橋,1950upload,20260208,153843,否,AM69240C45-260208153843,扣款,,現金,,,免開發票-不印收據,銷售,未列印,,,TV1Q04672,卡機未結帳,,10,10,0,,,1946,1950
307.0,希利創新_7-11 愿橋,1950upload,20260208,153825,否,AM69240C45-260208153825,扣款,,現金,,,免開發票-不印收據,銷售,未列印,,,TV1Q04672,卡機未結帳,,10,10,0,,,1946,1950
308.0,希利創新_7-11 愿橋,1950upload,20260208,153733,否,AM69240C45-260208153733,扣款,,現金,,,免開發票-不印收據,銷售,未列印,,,TV1Q04672,卡機未結帳,,10,10,0,,,1946,1950
309.0,希利創新_7-11 愿橋,1950upload,20260208,153712,否,AM69240C45-260208153712,扣款,,現金,,,免開發票-不印收據,銷售,未列印,,,TV1Q04672,卡機未結帳,,10,10,0,,,1946,1950
310.0,希利創新_7-11 愿橋,1950upload,20260208,153654,否,AM69240C45-260208153654,扣款,,現金,,,免開發票-不印收據,銷售,未列印,,,TV1Q04672,卡機未結帳,,10,10,0,,,1946,1950
311.0,希利創新_7-11 愿橋,1950upload,20260208,153634,否,AM69240C45-260208153634,扣款,,現金,,,免開發票-不印收據,銷售,未列印,,,TV1Q04672,卡機未結帳,,10,10,0,,,1946,1950
312.0,希利創新_7-11 愿橋,1950upload,20260208,153610,否,AM69240C45-260208153610,扣款,,現金,,,免開發票-不印收據,銷售,未列印,,,TV1Q04672,卡機未結帳,,10,10,0,,,1946,1950
313.0,希利創新_7-11 瑞賢,1953upload,20260208,153419,否,AM69190230-260208153419,扣款,,現金,,,免開發票-不印收據,銷售,未列印,,,TV1Q01950,卡機未結帳,,10,10,0,,,1946,1953
314.0,希利創新_7-11 高鳳儀,1952upload,20260208,152210,否,AM69303D35-260208152210,扣款,,現金,,,免開發票-不印收據,銷售,未列印,,,TV1Q01825,卡機未結帳,,10,10,0,,,1946,1952
315.0,希利創新_7-11 高鳳儀,1952upload,20260208,152152,否,AM69303D35-260208152152,扣款,,現金,,,免開發票-不印收據,銷售,未列印,,,TV1Q01825,卡機未結帳,,10,10,0,,,1946,1952
316.0,希利創新_7-11 高鳳儀,1952upload,20260208,152119,否,AM69303D35-260208152119,扣款,,現金,,,免開發票-不印收據,銷售,未列印,,,TV1Q01825,卡機未結帳,,10,10,0,,,1946,1952
317.0,希利創新_7-11 高鳳儀,1952upload,20260208,152113,否,AM69303D35-260208152113,扣款,,現金,,,免開發票-不印收據,銷售,未列印,,,TV1Q01825,卡機未結帳,,10,10,0,,,1946,1952
318.0,希利創新_7-11 高鳳儀,1952upload,20260208,152112,否,AM69303D35-260208152112,扣款,,現金,,,免開發票-不印收據,銷售,未列印,,,TV1Q01825,卡機未結帳,,10,10,0,,,1946,1952
319.0,希利創新_7-11 高鳳儀,1952upload,20260208,152045,否,AM69303D35-260208152045,扣款,,現金,,,免開發票-不印收據,銷售,未列印,,,TV1Q01825,卡機未結帳,,10,10,0,,,1946,1952
320.0,希利創新_7-11 愿橋,1950upload,20260208,151854,否,AM691808D2-260208151854,扣款,,現金,,,免開發票-不印收據,銷售,未列印,,,TV1Q01940,卡機未結帳,,10,10,0,,,1946,1950
321.0,希利創新_7-11 愿橋,1950upload,20260208,151853,否,AM691808D2-260208151853,扣款,,現金,,,免開發票-不印收據,銷售,未列印,,,TV1Q01940,卡機未結帳,,10,10,0,,,1946,1950
322.0,希利創新_7-11 愿橋,1950upload,20260208,151837,否,AM691808D2-260208151837,扣款,,現金,,,免開發票-不印收據,銷售,未列印,,,TV1Q01940,卡機未結帳,,10,10,0,,,1946,1950
323.0,希利創新_7-11 愿橋,1950upload,20260208,151814,否,AM691808D2-260208151814,扣款,,現金,,,免開發票-不印收據,銷售,未列印,,,TV1Q01940,卡機未結帳,,10,10,0,,,1946,1950
324.0,希利創新_7-11 愿橋,1950upload,20260208,151803,否,AM691808D2-260208151803,扣款,,現金,,,免開發票-不印收據,銷售,未列印,,,TV1Q01940,卡機未結帳,,10,10,0,,,1946,1950
325.0,希利創新_7-11 愿橋,1950upload,20260208,151717,否,AM69240C45-260208151717,扣款,,現金,,,免開發票-不印收據,銷售,未列印,,,TV1Q04672,卡機未結帳,,10,10,0,,,1946,1950
326.0,希利創新_7-11 愿橋,1950upload,20260208,151718,否,AM691808D2-260208151718,扣款,,現金,,,免開發票-不印收據,銷售,未列印,,,TV1Q01940,卡機未結帳,,10,10,0,,,1946,1950
327.0,希利創新_7-11 愿橋,1950upload,20260208,151643,否,AM691808D2-260208151643,扣款,,現金,,,免開發票-不印收據,銷售,未列印,,,TV1Q01940,卡機未結帳,,10,10,0,,,1946,1950
328.0,希利創新_7-11 愿橋,1950upload,20260208,151628,否,AM69240C45-260208151628,扣款,,現金,,,免開發票-不印收據,銷售,未列印,,,TV1Q04672,卡機未結帳,,10,10,0,,,1946,1950
329.0,希利創新_7-11 愿橋,1950upload,20260208,151612,否,AM69240C45-260208151612,扣款,,現金,,,免開發票-不印收據,銷售,未列印,,,TV1Q04672,卡機未結帳,,10,10,0,,,1946,1950
330.0,希利創新_7-11 愿橋,1950upload,20260208,151630,否,AM691808D2-260208151630,扣款,,現金,,,免開發票-不印收據,銷售,未列印,,,TV1Q01940,卡機未結帳,,10,10,0,,,1946,1950
331.0,希利創新_7-11 愿橋,1950upload,20260208,151535,否,AM69240C45-260208151535,扣款,,現金,,,免開發票-不印收據,銷售,未列印,,,TV1Q04672,卡機未結帳,,10,10,0,,,1946,1950
332.0,希利創新_7-11 愿橋,1950upload,20260208,151521,否,AM69240C45-260208151521,扣款,,現金,,,免開發票-不印收據,銷售,未列印,,,TV1Q04672,卡機未結帳,,10,10,0,,,1946,1950
333.0,希利創新_7-11 愿橋,1950upload,20260208,151505,否,AM69240C45-260208151505,扣款,,現金,,,免開發票-不印收據,銷售,未列印,,,TV1Q04672,卡機未結帳,,10,10,0,,,1946,1950
334.0,希利創新_7-11 愿橋,1950upload,20260208,151519,否,AM691808D2-260208151519,扣款,,現金,,,免開發票-不印收據,銷售,未列印,,,TV1Q01940,卡機未結帳,,10,10,0,,,1946,1950
335.0,希利創新_7-11 愿橋,1950upload,20260208,151506,否,AM691808D2-260208151506,扣款,,現金,,,免開發票-不印收據,銷售,未列印,,,TV1Q01940,卡機未結帳,,10,10,0,,,1946,1950
336.0,希利創新_7-11 愿橋,1950upload,20260208,151447,否,AM69240C45-260208151447,扣款,,現金,,,免開發票-不印收據,銷售,未列印,,,TV1Q04672,卡機未結帳,,10,10,0,,,1946,1950
337.0,希利創新_7-11 愿橋,1950upload,20260208,151426,否,AM691808D2-260208151426,扣款,,現金,,,免開發票-不印收據,銷售,未列印,,,TV1Q01940,卡機未結帳,,10,10,0,,,1946,1950
338.0,希利創新_7-11 愿橋,1950upload,20260208,151408,否,AM691808D2-260208151408,扣款,,現金,,,免開發票-不印收據,銷售,未列印,,,TV1Q01940,卡機未結帳,,10,10,0,,,1946,1950
339.0,希利創新_7-11 愿橋,1950upload,20260208,151341,否,AM693229E4-260208151341,扣款,,現金,,,免開發票-不印收據,銷售,未列印,,,TV1Q01931,卡機未結帳,,10,10,0,,,1946,1950
340.0,希利創新_7-11 愿橋,1950upload,20260208,151351,否,AM69223B38-260208151351,扣款,,現金,,,免開發票-不印收據,銷售,未列印,,,TV1Q04673,卡機未結帳,,10,10,0,,,1946,1950
341.0,希利創新_7-11 愿橋,1950upload,20260208,151326,否,AM693229E4-260208151326,扣款,,現金,,,免開發票-不印收據,銷售,未列印,,,TV1Q01931,卡機未結帳,,10,10,0,,,1946,1950
342.0,希利創新_7-11 愿橋,1950upload,20260208,151220,否,AM693229E4-260208151220,扣款,,現金,,,免開發票-不印收據,銷售,未列印,,,TV1Q01931,卡機未結帳,,10,10,0,,,1946,1950
343.0,希利創新_7-11 愿橋,1950upload,20260208,151210,否,AM69223B38-260208151210,扣款,,現金,,,免開發票-不印收據,銷售,未列印,,,TV1Q04673,卡機未結帳,,10,10,0,,,1946,1950
344.0,希利創新_7-11 愿橋,1950upload,20260208,151157,否,AM693229E4-260208151157,扣款,,現金,,,免開發票-不印收據,銷售,未列印,,,TV1Q01931,卡機未結帳,,10,10,0,,,1946,1950
345.0,希利創新_7-11 高鳳儀,1952upload,20260208,143702,否,AM69303D35-260208143702,扣款,,現金,,,免開發票-不印收據,銷售,未列印,,,TV1Q01825,卡機未結帳,,10,10,0,,,1946,1952
346.0,希利創新_7-11 高鳳儀,1952upload,20260208,143355,否,AM69303D35-260208143355,扣款,,現金,,,免開發票-不印收據,銷售,未列印,,,TV1Q01825,卡機未結帳,,10,10,0,,,1946,1952
347.0,希利創新_7-11 高鳳儀,1952upload,20260208,141602,否,AM69303D35-260208141602,扣款,,現金,,,免開發票-不印收據,銷售,未列印,,,TV1Q01825,卡機未結帳,,10,10,0,,,1946,1952
348.0,希利創新_7-11 高鳳儀,1952upload,20260208,141548,否,AM69303D35-260208141548,扣款,,現金,,,免開發票-不印收據,銷售,未列印,,,TV1Q01825,卡機未結帳,,10,10,0,,,1946,1952
349.0,希利創新_7-11 高鳳儀,1952upload,20260208,141532,否,AM69303D35-260208141532,扣款,,現金,,,免開發票-不印收據,銷售,未列印,,,TV1Q01825,卡機未結帳,,10,10,0,,,1946,1952
350.0,希利創新_7-11 高鳳儀,1952upload,20260208,141403,否,AM69303D35-260208141403,扣款,,現金,,,免開發票-不印收據,銷售,未列印,,,TV1Q01825,卡機未結帳,,10,10,0,,,1946,1952
351.0,希利創新_7-11 高鳳儀,1952upload,20260208,141345,否,AM69303D35-260208141345,扣款,,現金,,,免開發票-不印收據,銷售,未列印,,,TV1Q01825,卡機未結帳,,10,10,0,,,1946,1952
352.0,希利創新_7-11 高鳳儀,1952upload,20260208,141154,否,AM69303D35-260208141154,扣款,,現金,,,免開發票-不印收據,銷售,未列印,,,TV1Q01825,卡機未結帳,,10,10,0,,,1946,1952
353.0,希利創新_7-11 愿橋,1950upload,20260208,141148,否,AM69240C45-260208141148,扣款,,現金,,,免開發票-不印收據,銷售,未列印,,,TV1Q04672,卡機未結帳,,10,10,0,,,1946,1950
354.0,希利創新_7-11 愿橋,1950upload,20260208,141059,否,AM69240C45-260208141059,扣款,,現金,,,免開發票-不印收據,銷售,未列印,,,TV1Q04672,卡機未結帳,,10,10,0,,,1946,1950
355.0,希利創新_7-11 高鳳儀,1952upload,20260208,141130,否,AM69303D35-260208141130,扣款,,現金,,,免開發票-不印收據,銷售,未列印,,,TV1Q01825,卡機未結帳,,10,10,0,,,1946,1952
356.0,希利創新_7-11 高鳳儀,1952upload,20260208,141110,否,AM69303D35-260208141110,扣款,,現金,,,免開發票-不印收據,銷售,未列印,,,TV1Q01825,卡機未結帳,,10,10,0,,,1946,1952
357.0,希利創新_7-11 瑞賢,1953upload,20260208,141025,否,AM691A31F3-260208141025,扣款,,現金,,,免開發票-不印收據,銷售,未列印,,,TV1Q01974,卡機未結帳,,10,10,0,,,1946,1953
358.0,希利創新_7-11 瑞賢,1953upload,20260208,141004,否,AM691A31F3-260208141004,扣款,,現金,,,免開發票-不印收據,銷售,未列印,,,TV1Q01974,卡機未結帳,,10,10,0,,,1946,1953
359.0,希利創新_7-11 愿橋,1950upload,20260208,141039,否,AM69240C45-260208141039,扣款,,現金,,,免開發票-不印收據,銷售,未列印,,,TV1Q04672,卡機未結帳,,10,10,0,,,1946,1950
360.0,希利創新_7-11 愿橋,1950upload,20260208,141018,否,AM69240C45-260208141018,扣款,,現金,,,免開發票-不印收據,銷售,未列印,,,TV1Q04672,卡機未結帳,,10,10,0,,,1946,1950
361.0,希利創新_7-11 瑞賢,1953upload,20260208,140946,否,AM691A31F3-260208140946,扣款,,現金,,,免開發票-不印收據,銷售,未列印,,,TV1Q01974,卡機未結帳,,10,10,0,,,1946,1953
362.0,希利創新_7-11 愿橋,1950upload,20260208,140953,否,AM69240C45-260208140953,扣款,,現金,,,免開發票-不印收據,銷售,未列印,,,TV1Q04672,卡機未結帳,,10,10,0,,,1946,1950
363.0,希利創新_7-11 愿橋,1950upload,20260208,140937,否,AM69240C45-260208140937,扣款,,現金,,,免開發票-不印收據,銷售,未列印,,,TV1Q04672,卡機未結帳,,10,10,0,,,1946,1950
364.0,希利創新_7-11 愿橋,1950upload,20260208,140916,否,AM69240C45-260208140916,扣款,,現金,,,免開發票-不印收據,銷售,未列印,,,TV1Q04672,卡機未結帳,,10,10,0,,,1946,1950
365.0,希利創新_7-11 瑞賢,1953upload,20260208,140914,否,AM691A31F3-260208140914,扣款,,現金,,,免開發票-不印收據,銷售,未列印,,,TV1Q01974,卡機未結帳,,10,10,0,,,1946,1953
366.0,希利創新_7-11 愿橋,1950upload,20260208,140814,否,AM69240C45-260208140814,扣款,,現金,,,免開發票-不印收據,銷售,未列印,,,TV1Q04672,卡機未結帳,,10,10,0,,,1946,1950
367.0,希利創新_7-11 瑞賢,1953upload,20260208,140846,否,AM691A31F3-260208140846,扣款,,現金,,,免開發票-不印收據,銷售,未列印,,,TV1Q01974,卡機未結帳,,10,10,0,,,1946,1953
368.0,希利創新_7-11 愿橋,1950upload,20260208,140756,否,AM69240C45-260208140756,扣款,,現金,,,免開發票-不印收據,銷售,未列印,,,TV1Q04672,卡機未結帳,,10,10,0,,,1946,1950
369.0,希利創新_7-11 冠亨,1947upload,20260208,140619,否,AM69082E5C-260208140619,扣款,,現金,,,免開發票-不印收據,銷售,未列印,,,TV1Q05716,卡機未結帳,,10,10,0,,,1946,1947
370.0,希利創新_7-11 高鳳儀,1952upload,20260208,140615,否,AM6905195C-260208140615,扣款,,現金,,,免開發票-不印收據,銷售,未列印,,,TV1Q01887,卡機未結帳,,10,10,0,,,1946,1952
371.0,希利創新_7-11 冠亨,1947upload,20260208,140551,否,AM69082E5C-260208140551,扣款,,現金,,,免開發票-不印收據,銷售,未列印,,,TV1Q05716,卡機未結帳,,10,10,0,,,1946,1947
372.0,希利創新_7-11 十興,1949upload,20260208,135925,否,AM69140008-260208135925,扣款,,現金,,,免開發票-不印收據,銷售,未列印,,,TV1Q05745,卡機未結帳,,10,10,0,,,1946,1949
373.0,希利創新_7-11 高鳳儀,1952upload,20260208,135332,否,AM691021B5-260208135332,扣款,,現金,,,免開發票-不印收據,銷售,未列印,,,TV1Q01896,卡機未結帳,,10,10,0,,,1946,1952
374.0,希利創新_7-11 高鳳儀,1952upload,20260208,135334,否,AM6905195C-260208135334,扣款,,現金,,,免開發票-不印收據,銷售,未列印,,,TV1Q01887,卡機未結帳,,10,10,0,,,1946,1952
375.0,希利創新_7-11 高鳳儀,1952upload,20260208,135259,否,AM6905195C-260208135259,扣款,,現金,,,免開發票-不印收據,銷售,未列印,,,TV1Q01887,卡機未結帳,,10,10,0,,,1946,1952
376.0,希利創新_7-11 高鳳儀,1952upload,20260208,135257,否,AM691021B5-260208135257,扣款,,現金,,,免開發票-不印收據,銷售,未列印,,,TV1Q01896,卡機未結帳,,10,10,0,,,1946,1952
377.0,希利創新_7-11 高鳳儀,1952upload,20260208,135203,否,AM691021B5-260208135203,扣款,,現金,,,免開發票-不印收據,銷售,未列印,,,TV1Q01896,卡機未結帳,,10,10,0,,,1946,1952
378.0,希利創新_7-11 高鳳儀,1952upload,20260208,135102,否,AM691021B5-260208135102,扣款,,現金,,,免開發票-不印收據,銷售,未列印,,,TV1Q01896,卡機未結帳,,10,10,0,,,1946,1952
379.0,希利創新_7-11 高鳳儀,1952upload,20260208,135023,否,AM6905195C-260208135023,扣款,,現金,,,免開發票-不印收據,銷售,未列印,,,TV1Q01887,卡機未結帳,,10,10,0,,,1946,1952
380.0,希利創新_7-11 高鳳儀,1952upload,20260208,135007,否,AM6905195C-260208135007,扣款,,現金,,,免開發票-不印收據,銷售,未列印,,,TV1Q01887,卡機未結帳,,10,10,0,,,1946,1952
381.0,希利創新_7-11 高鳳儀,1952upload,20260208,135002,否,AM69220CFA-260208135002,扣款,,現金,,,免開發票-不印收據,銷售,未列印,,,TV1Q04664,卡機未結帳,,10,10,0,,,1946,1952
382.0,希利創新_7-11 高鳳儀,1952upload,20260208,134951,否,AM6905195C-260208134951,扣款,,現金,,,免開發票-不印收據,銷售,未列印,,,TV1Q01887,卡機未結帳,,10,10,0,,,1946,1952
383.0,希利創新_7-11 高鳳儀,1952upload,20260208,134933,否,AM6905195C-260208134933,扣款,,現金,,,免開發票-不印收據,銷售,未列印,,,TV1Q01887,卡機未結帳,,10,10,0,,,1946,1952
384.0,希利創新_7-11 高鳳儀,1952upload,20260208,134917,否,AM6905195C-260208134917,扣款,,現金,,,免開發票-不印收據,銷售,未列印,,,TV1Q01887,卡機未結帳,,10,10,0,,,1946,1952
385.0,希利創新_7-11 高鳳儀,1952upload,20260208,134904,否,AM6905195C-260208134904,扣款,,現金,,,免開發票-不印收據,銷售,未列印,,,TV1Q01887,卡機未結帳,,10,10,0,,,1946,1952
386.0,希利創新_7-11 高鳳儀,1952upload,20260208,134923,否,AM69303D35-260208134923,扣款,,現金,,,免開發票-不印收據,銷售,未列印,,,TV1Q01825,卡機未結帳,,10,10,0,,,1946,1952
387.0,希利創新_7-11 高鳳儀,1952upload,20260208,134848,否,AM6905195C-260208134848,扣款,,現金,,,免開發票-不印收據,銷售,未列印,,,TV1Q01887,卡機未結帳,,10,10,0,,,1946,1952
388.0,希利創新_7-11 高鳳儀,1952upload,20260208,134832,否,AM6905195C-260208134832,扣款,,現金,,,免開發票-不印收據,銷售,未列印,,,TV1Q01887,卡機未結帳,,10,10,0,,,1946,1952
389.0,希利創新_7-11 高鳳儀,1952upload,20260208,134818,否,AM6905195C-260208134818,扣款,,現金,,,免開發票-不印收據,銷售,未列印,,,TV1Q01887,卡機未結帳,,10,10,0,,,1946,1952
390.0,希利創新_7-11 高鳳儀,1952upload,20260208,134757,否,AM6905195C-260208134757,扣款,,現金,,,免開發票-不印收據,銷售,未列印,,,TV1Q01887,卡機未結帳,,10,10,0,,,1946,1952
391.0,希利創新_7-11 瑞賢,1953upload,20260208,132915,否,AM69110B63-260208132915,扣款,,現金,,,免開發票-不印收據,銷售,未列印,,,TV1Q01976,卡機未結帳,,10,10,0,,,1946,1953
392.0,希利創新_7-11 瑞賢,1953upload,20260208,132901,否,AM69110B63-260208132901,扣款,,現金,,,免開發票-不印收據,銷售,未列印,,,TV1Q01976,卡機未結帳,,10,10,0,,,1946,1953
393.0,希利創新_7-11 瑞賢,1953upload,20260208,132806,否,AM69081914-260208132806,扣款,,現金,,,免開發票-不印收據,銷售,未列印,,,TV1Q01977,卡機未結帳,,10,10,0,,,1946,1953
394.0,希利創新_7-11 瑞賢,1953upload,20260208,132720,否,AM69081914-260208132720,扣款,,現金,,,免開發票-不印收據,銷售,未列印,,,TV1Q01977,卡機未結帳,,10,10,0,,,1946,1953
395.0,希利創新_7-11 愿橋,1950upload,20260208,132626,否,AM691808D2-260208132626,扣款,,現金,,,免開發票-不印收據,銷售,未列印,,,TV1Q01940,卡機未結帳,,10,10,0,,,1946,1950
396.0,希利創新_7-11 愿橋,1950upload,20260208,132121,否,AM691808D2-260208132121,扣款,,現金,,,免開發票-不印收據,銷售,未列印,,,TV1Q01940,卡機未結帳,,10,10,0,,,1946,1950
397.0,希利創新_7-11 科有,1948upload,20260208,124226,否,AM692D244E-260208124226,扣款,,現金,,,免開發票-不印收據,銷售,未列印,,,TV1Q05758,卡機未結帳,,10,10,0,,,1946,1948
398.0,希利創新_7-11 科有,1948upload,20260208,124213,否,AM692D244E-260208124213,扣款,,現金,,,免開發票-不印收據,銷售,未列印,,,TV1Q05758,卡機未結帳,,10,10,0,,,1946,1948
399.0,希利創新_7-11 科有,1948upload,20260208,124157,否,AM692D244E-260208124157,扣款,,現金,,,免開發票-不印收據,銷售,未列印,,,TV1Q05758,卡機未結帳,,10,10,0,,,1946,1948
400.0,希利創新_7-11 科有,1948upload,20260208,123928,否,AM692D244E-260208123928,扣款,,現金,,,免開發票-不印收據,銷售,未列印,,,TV1Q05758,卡機未結帳,,10,10,0,,,1946,1948
401.0,希利創新_7-11 冠亨,1947upload,20260208,123835,否,AM692023CF-260208123835,扣款,,現金,,,免開發票-不印收據,銷售,未列印,,,TV1Q05769,卡機未結帳,,10,10,0,,,1946,1947
402.0,希利創新_7-11 科有,1948upload,20260208,123911,否,AM692D244E-260208123911,扣款,,現金,,,免開發票-不印收據,銷售,未列印,,,TV1Q05758,卡機未結帳,,10,10,0,,,1946,1948
403.0,希利創新_7-11 科有,1948upload,20260208,123857,否,AM692D244E-260208123857,扣款,,現金,,,免開發票-不印收據,銷售,未列印,,,TV1Q05758,卡機未結帳,,10,10,0,,,1946,1948
404.0,希利創新_7-11 科有,1948upload,20260208,123839,否,AM692D244E-260208123839,扣款,,現金,,,免開發票-不印收據,銷售,未列印,,,TV1Q05758,卡機未結帳,,10,10,0,,,1946,1948
405.0,希利創新_7-11 科有,1948upload,20260208,123826,否,AM692D244E-260208123826,扣款,,現金,,,免開發票-不印收據,銷售,未列印,,,TV1Q05758,卡機未結帳,,10,10,0,,,1946,1948
406.0,希利創新_7-11 冠亨,1947upload,20260208,123807,否,AM692023CF-260208123807,扣款,,現金,,,免開發票-不印收據,銷售,未列印,,,TV1Q05769,卡機未結帳,,10,10,0,,,1946,1947
407.0,希利創新_7-11 科有,1948upload,20260208,123807,否,AM692D244E-260208123807,扣款,,現金,,,免開發票-不印收據,銷售,未列印,,,TV1Q05758,卡機未結帳,,10,10,0,,,1946,1948
408.0,希利創新_7-11 科有,1948upload,20260208,123754,否,AM692D244E-260208123754,扣款,,現金,,,免開發票-不印收據,銷售,未列印,,,TV1Q05758,卡機未結帳,,10,10,0,,,1946,1948
409.0,希利創新_7-11 冠亨,1947upload,20260208,123751,否,AM692023CF-260208123751,扣款,,現金,,,免開發票-不印收據,銷售,未列印,,,TV1Q05769,卡機未結帳,,10,10,0,,,1946,1947
410.0,希利創新_7-11 冠亨,1947upload,20260208,123726,否,AM69082E5C-260208123726,扣款,,現金,,,免開發票-不印收據,銷售,未列印,,,TV1Q05716,卡機未結帳,,10,10,0,,,1946,1947
411.0,希利創新_7-11 冠亨,1947upload,20260208,123656,否,AM69082E5C-260208123656,扣款,,現金,,,免開發票-不印收據,銷售,未列印,,,TV1Q05716,卡機未結帳,,10,10,0,,,1946,1947
412.0,希利創新_7-11 科有,1948upload,20260208,123600,否,AM692D244E-260208123600,扣款,,現金,,,免開發票-不印收據,銷售,未列印,,,TV1Q05758,卡機未結帳,,10,10,0,,,1946,1948
413.0,希利創新_7-11 科有,1948upload,20260208,123542,否,AM692D244E-260208123542,扣款,,現金,,,免開發票-不印收據,銷售,未列印,,,TV1Q05758,卡機未結帳,,10,10,0,,,1946,1948
414.0,希利創新_7-11 科有,1948upload,20260208,123529,否,AM692D244E-260208123529,扣款,,現金,,,免開發票-不印收據,銷售,未列印,,,TV1Q05758,卡機未結帳,,10,10,0,,,1946,1948
415.0,希利創新_7-11 科有,1948upload,20260208,123510,否,AM692D244E-260208123510,扣款,,現金,,,免開發票-不印收據,銷售,未列印,,,TV1Q05758,卡機未結帳,,10,10,0,,,1946,1948
416.0,希利創新_7-11 科有,1948upload,20260208,123457,否,AM692D244E-260208123457,扣款,,現金,,,免開發票-不印收據,銷售,未列印,,,TV1Q05758,卡機未結帳,,10,10,0,,,1946,1948
417.0,希利創新_7-11 科有,1948upload,20260208,123441,否,AM692D244E-260208123441,扣款,,現金,,,免開發票-不印收據,銷售,未列印,,,TV1Q05758,卡機未結帳,,10,10,0,,,1946,1948
418.0,希利創新_7-11 科有,1948upload,20260208,123427,否,AM692D244E-260208123427,扣款,,現金,,,免開發票-不印收據,銷售,未列印,,,TV1Q05758,卡機未結帳,,10,10,0,,,1946,1948
419.0,希利創新_7-11 科有,1948upload,20260208,123414,否,AM692D244E-260208123414,扣款,,現金,,,免開發票-不印收據,銷售,未列印,,,TV1Q05758,卡機未結帳,,10,10,0,,,1946,1948
420.0,希利創新_7-11 科有,1948upload,20260208,123400,否,AM692D244E-260208123400,扣款,,現金,,,免開發票-不印收據,銷售,未列印,,,TV1Q05758,卡機未結帳,,10,10,0,,,1946,1948
421.0,希利創新_7-11 科有,1948upload,20260208,123344,否,AM692D244E-260208123344,扣款,,現金,,,免開發票-不印收據,銷售,未列印,,,TV1Q05758,卡機未結帳,,10,10,0,,,1946,1948
422.0,希利創新_7-11 科有,1948upload,20260208,123331,否,AM692D244E-260208123331,扣款,,現金,,,免開發票-不印收據,銷售,未列印,,,TV1Q05758,卡機未結帳,,10,10,0,,,1946,1948
423.0,希利創新_7-11 科有,1948upload,20260208,123319,否,AM692D244E-260208123319,扣款,,現金,,,免開發票-不印收據,銷售,未列印,,,TV1Q05758,卡機未結帳,,10,10,0,,,1946,1948
424.0,希利創新_7-11 科有,1948upload,20260208,123247,否,AM692D244E-260208123247,扣款,,現金,,,免開發票-不印收據,銷售,未列印,,,TV1Q05758,卡機未結帳,,10,10,0,,,1946,1948
425.0,希利創新_7-11 科有,1948upload,20260208,123226,否,AM692D244E-260208123226,扣款,,現金,,,免開發票-不印收據,銷售,未列印,,,TV1Q05758,卡機未結帳,,10,10,0,,,1946,1948
426.0,希利創新_7-11 科有,1948upload,20260208,123208,否,AM692D244E-260208123208,扣款,,現金,,,免開發票-不印收據,銷售,未列印,,,TV1Q05758,卡機未結帳,,10,10,0,,,1946,1948
427.0,希利創新_7-11 科有,1948upload,20260208,123152,否,AM692D244E-260208123152,扣款,,現金,,,免開發票-不印收據,銷售,未列印,,,TV1Q05758,卡機未結帳,,10,10,0,,,1946,1948
428.0,希利創新_7-11 科有,1948upload,20260208,123133,否,AM692D244E-260208123133,扣款,,現金,,,免開發票-不印收據,銷售,未列印,,,TV1Q05758,卡機未結帳,,10,10,0,,,1946,1948
429.0,希利創新_7-11 科有,1948upload,20260208,123117,否,AM692D244E-260208123117,扣款,,現金,,,免開發票-不印收據,銷售,未列印,,,TV1Q05758,卡機未結帳,,10,10,0,,,1946,1948
430.0,希利創新_7-11 科有,1948upload,20260208,123101,否,AM692D244E-260208123101,扣款,,現金,,,免開發票-不印收據,銷售,未列印,,,TV1Q05758,卡機未結帳,,10,10,0,,,1946,1948
431.0,希利創新_7-11 科有,1948upload,20260208,123046,否,AM692D244E-260208123046,扣款,,現金,,,免開發票-不印收據,銷售,未列印,,,TV1Q05758,卡機未結帳,,10,10,0,,,1946,1948
432.0,希利創新_7-11 冠亨,1947upload,20260208,123011,否,AM69082E5C-260208123011,扣款,,現金,,,免開發票-不印收據,銷售,未列印,,,TV1Q05716,卡機未結帳,,10,10,0,,,1946,1947
433.0,希利創新_7-11 瑞賢,1953upload,20260208,122959,否,AM69081914-260208122959,扣款,,現金,,,免開發票-不印收據,銷售,未列印,,,TV1Q01977,卡機未結帳,,10,10,0,,,1946,1953
434.0,希利創新_7-11 科有,1948upload,20260208,122926,否,AM692D244E-260208122926,扣款,,現金,,,免開發票-不印收據,銷售,未列印,,,TV1Q05758,卡機未結帳,,10,10,0,,,1946,1948
435.0,希利創新_7-11 科有,1948upload,20260208,122909,否,AM692D244E-260208122909,扣款,,現金,,,免開發票-不印收據,銷售,未列印,,,TV1Q05758,卡機未結帳,,10,10,0,,,1946,1948
436.0,希利創新_7-11 科有,1948upload,20260208,122849,否,AM692D244E-260208122849,扣款,,現金,,,免開發票-不印收據,銷售,未列印,,,TV1Q05758,卡機未結帳,,10,10,0,,,1946,1948
437.0,希利創新_7-11 科有,1948upload,20260208,122835,否,AM692D244E-260208122835,扣款,,現金,,,免開發票-不印收據,銷售,未列印,,,TV1Q05758,卡機未結帳,,10,10,0,,,1946,1948
438.0,希利創新_7-11 瑞賢,1953upload,20260208,122904,否,AM69110B63-260208122904,扣款,,現金,,,免開發票-不印收據,銷售,未列印,,,TV1Q01976,卡機未結帳,,10,10,0,,,1946,1953
439.0,希利創新_7-11 冠亨,1947upload,20260208,122854,否,AM69082E5C-260208122854,扣款,,現金,,,免開發票-不印收據,銷售,未列印,,,TV1Q05716,卡機未結帳,,10,10,0,,,1946,1947
440.0,希利創新_7-11 科有,1948upload,20260208,122819,否,AM692D244E-260208122819,扣款,,現金,,,免開發票-不印收據,銷售,未列印,,,TV1Q05758,卡機未結帳,,10,10,0,,,1946,1948
441.0,希利創新_7-11 科有,1948upload,20260208,122805,否,AM692D244E-260208122805,扣款,,現金,,,免開發票-不印收據,銷售,未列印,,,TV1Q05758,卡機未結帳,,10,10,0,,,1946,1948
442.0,希利創新_7-11 科有,1948upload,20260208,122749,否,AM692D244E-260208122749,扣款,,現金,,,免開發票-不印收據,銷售,未列印,,,TV1Q05758,卡機未結帳,,10,10,0,,,1946,1948
443.0,希利創新_7-11 科有,1948upload,20260208,122731,否,AM692D244E-260208122731,扣款,,現金,,,免開發票-不印收據,銷售,未列印,,,TV1Q05758,卡機未結帳,,10,10,0,,,1946,1948
444.0,希利創新_7-11 冠亨,1947upload,20260208,122826,否,AM69082E5C-260208122826,扣款,,現金,,,免開發票-不印收據,銷售,未列印,,,TV1Q05716,卡機未結帳,,10,10,0,,,1946,1947
445.0,希利創新_7-11 科有,1948upload,20260208,122715,否,AM692D244E-260208122715,扣款,,現金,,,免開發票-不印收據,銷售,未列印,,,TV1Q05758,卡機未結帳,,10,10,0,,,1946,1948
446.0,希利創新_7-11 科有,1948upload,20260208,122654,否,AM692D244E-260208122654,扣款,,現金,,,免開發票-不印收據,銷售,未列印,,,TV1Q05758,卡機未結帳,,10,10,0,,,1946,1948
447.0,希利創新_7-11 瑞賢,1953upload,20260208,122544,否,AM69110B63-260208122544,扣款,,現金,,,免開發票-不印收據,銷售,未列印,,,TV1Q01976,卡機未結帳,,10,10,0,,,1946,1953
448.0,希利創新_7-11 瑞賢,1953upload,20260208,122513,否,AM69110B63-260208122513,扣款,,現金,,,免開發票-不印收據,銷售,未列印,,,TV1Q01976,卡機未結帳,,10,10,0,,,1946,1953
449.0,希利創新_7-11 瑞賢,1953upload,20260208,122301,否,AM69110B63-260208122301,扣款,,現金,,,免開發票-不印收據,銷售,未列印,,,TV1Q01976,卡機未結帳,,10,10,0,,,1946,1953
450.0,希利創新_7-11 高鳳儀,1952upload,20260208,121702,否,AM69303D35-260208121702,扣款,,現金,,,免開發票-不印收據,銷售,未列印,,,TV1Q01825,卡機未結帳,,10,10,0,,,1946,1952
451.0,希利創新_7-11 高鳳儀,1952upload,20260208,121616,否,AM69303D35-260208121616,扣款,,現金,,,免開發票-不印收據,銷售,未列印,,,TV1Q01825,卡機未結帳,,10,10,0,,,1946,1952
452.0,希利創新_7-11 高鳳儀,1952upload,20260208,121602,否,AM69303D35-260208121602,扣款,,現金,,,免開發票-不印收據,銷售,未列印,,,TV1Q01825,卡機未結帳,,10,10,0,,,1946,1952
453.0,希利創新_7-11 高鳳儀,1952upload,20260208,121544,否,AM69303D35-260208121544,扣款,,現金,,,免開發票-不印收據,銷售,未列印,,,TV1Q01825,卡機未結帳,,10,10,0,,,1946,1952
454.0,希利創新_7-11 高鳳儀,1952upload,20260208,121509,否,AM69303D35-260208121509,扣款,,現金,,,免開發票-不印收據,銷售,未列印,,,TV1Q01825,卡機未結帳,,10,10,0,,,1946,1952
455.0,希利創新_7-11 瑞賢,1953upload,20260208,115831,否,AM691A31F3-260208115831,扣款,,現金,,,免開發票-不印收據,銷售,未列印,,,TV1Q01974,卡機未結帳,,10,10,0,,,1946,1953
456.0,希利創新_7-11 瑞賢,1953upload,20260208,115817,否,AM691A31F3-260208115817,扣款,,現金,,,免開發票-不印收據,銷售,未列印,,,TV1Q01974,卡機未結帳,,10,10,0,,,1946,1953
457.0,希利創新_7-11 瑞賢,1953upload,20260208,115803,否,AM691A31F3-260208115803,扣款,,現金,,,免開發票-不印收據,銷售,未列印,,,TV1Q01974,卡機未結帳,,10,10,0,,,1946,1953
458.0,希利創新_7-11 瑞賢,1953upload,20260208,115752,否,AM691A31F3-260208115752,扣款,,現金,,,免開發票-不印收據,銷售,未列印,,,TV1Q01974,卡機未結帳,,10,10,0,,,1946,1953
459.0,希利創新_7-11 瑞賢,1953upload,20260208,115741,否,AM691A31F3-260208115741,扣款,,現金,,,免開發票-不印收據,銷售,未列印,,,TV1Q01974,卡機未結帳,,10,10,0,,,1946,1953
460.0,希利創新_7-11 瑞賢,1953upload,20260208,115710,否,AM691A31F3-260208115710,扣款,,現金,,,免開發票-不印收據,銷售,未列印,,,TV1Q01974,卡機未結帳,,10,10,0,,,1946,1953
461.0,希利創新_7-11 瑞賢,1953upload,20260208,115704,否,AM691A31F3-260208115704,扣款,,現金,,,免開發票-不印收據,銷售,未列印,,,TV1Q01974,卡機未結帳,,10,10,0,,,1946,1953
462.0,希利創新_7-11 瑞賢,1953upload,20260208,115653,否,AM691A31F3-260208115653,扣款,,現金,,,免開發票-不印收據,銷售,未列印,,,TV1Q01974,卡機未結帳,,10,10,0,,,1946,1953
463.0,希利創新_7-11 瑞賢,1953upload,20260208,115504,否,AM691A31F3-260208115504,扣款,,現金,,,免開發票-不印收據,銷售,未列印,,,TV1Q01974,卡機未結帳,,10,10,0,,,1946,1953
464.0,希利創新_7-11 瑞賢,1953upload,20260208,115453,否,AM691A31F3-260208115453,扣款,,現金,,,免開發票-不印收據,銷售,未列印,,,TV1Q01974,卡機未結帳,,10,10,0,,,1946,1953
465.0,希利創新_7-11 瑞賢,1953upload,20260208,115444,否,AM691A31F3-260208115444,扣款,,現金,,,免開發票-不印收據,銷售,未列印,,,TV1Q01974,卡機未結帳,,10,10,0,,,1946,1953
466.0,希利創新_7-11 瑞賢,1953upload,20260208,115433,否,AM691A31F3-260208115433,扣款,,現金,,,免開發票-不印收據,銷售,未列印,,,TV1Q01974,卡機未結帳,,10,10,0,,,1946,1953
467.0,希利創新_7-11 瑞賢,1953upload,20260208,115415,否,AM691A31F3-260208115415,扣款,,現金,,,免開發票-不印收據,銷售,未列印,,,TV1Q01974,卡機未結帳,,10,10,0,,,1946,1953
468.0,希利創新_7-11 瑞賢,1953upload,20260208,115404,否,AM691A31F3-260208115404,扣款,,現金,,,免開發票-不印收據,銷售,未列印,,,TV1Q01974,卡機未結帳,,10,10,0,,,1946,1953
469.0,希利創新_7-11 瑞賢,1953upload,20260208,115352,否,AM691A31F3-260208115352,扣款,,現金,,,免開發票-不印收據,銷售,未列印,,,TV1Q01974,卡機未結帳,,10,10,0,,,1946,1953
470.0,希利創新_7-11 瑞賢,1953upload,20260208,115341,否,AM691A31F3-260208115341,扣款,,現金,,,免開發票-不印收據,銷售,未列印,,,TV1Q01974,卡機未結帳,,10,10,0,,,1946,1953
471.0,希利創新_7-11 瑞賢,1953upload,20260208,115328,否,AM691A31F3-260208115328,扣款,,現金,,,免開發票-不印收據,銷售,未列印,,,TV1Q01974,卡機未結帳,,10,10,0,,,1946,1953
472.0,希利創新_7-11 瑞賢,1953upload,20260208,115316,否,AM691A31F3-260208115316,扣款,,現金,,,免開發票-不印收據,銷售,未列印,,,TV1Q01974,卡機未結帳,,10,10,0,,,1946,1953
473.0,希利創新_7-11 瑞賢,1953upload,20260208,115201,否,AM69110B63-260208115201,扣款,,現金,,,免開發票-不印收據,銷售,未列印,,,TV1Q01976,卡機未結帳,,10,10,0,,,1946,1953
474.0,希利創新_7-11 瑞賢,1953upload,20260208,115150,否,AM69110B63-260208115150,扣款,,現金,,,免開發票-不印收據,銷售,未列印,,,TV1Q01976,卡機未結帳,,10,10,0,,,1946,1953
475.0,希利創新_7-11 瑞賢,1953upload,20260208,115139,否,AM69110B63-260208115139,扣款,,現金,,,免開發票-不印收據,銷售,未列印,,,TV1Q01976,卡機未結帳,,10,10,0,,,1946,1953
476.0,希利創新_7-11 瑞賢,1953upload,20260208,115125,否,AM69110B63-260208115125,扣款,,現金,,,免開發票-不印收據,銷售,未列印,,,TV1Q01976,卡機未結帳,,10,10,0,,,1946,1953
477.0,希利創新_7-11 瑞賢,1953upload,20260208,115112,否,AM69110B63-260208115112,扣款,,現金,,,免開發票-不印收據,銷售,未列印,,,TV1Q01976,卡機未結帳,,10,10,0,,,1946,1953
478.0,希利創新_7-11 瑞賢,1953upload,20260208,115101,否,AM69110B63-260208115101,扣款,,現金,,,免開發票-不印收據,銷售,未列印,,,TV1Q01976,卡機未結帳,,10,10,0,,,1946,1953
479.0,希利創新_7-11 瑞賢,1953upload,20260208,115047,否,AM69110B63-260208115047,扣款,,現金,,,免開發票-不印收據,銷售,未列印,,,TV1Q01976,卡機未結帳,,10,10,0,,,1946,1953
480.0,希利創新_7-11 瑞賢,1953upload,20260208,115033,否,AM69110B63-260208115033,扣款,,現金,,,免開發票-不印收據,銷售,未列印,,,TV1Q01976,卡機未結帳,,10,10,0,,,1946,1953
481.0,希利創新_7-11 高鳳儀,1952upload,20260208,115056,否,AM69220CFA-260208115056,扣款,,現金,,,免開發票-不印收據,銷售,未列印,,,TV1Q04664,卡機未結帳,,10,10,0,,,1946,1952
482.0,希利創新_7-11 高鳳儀,1952upload,20260208,115028,否,AM69220CFA-260208115028,扣款,,現金,,,免開發票-不印收據,銷售,未列印,,,TV1Q04664,卡機未結帳,,10,10,0,,,1946,1952
483.0,希利創新_7-11 瑞賢,1953upload,20260208,115022,否,AM69110B63-260208115022,扣款,,現金,,,免開發票-不印收據,銷售,未列印,,,TV1Q01976,卡機未結帳,,10,10,0,,,1946,1953
484.0,希利創新_7-11 瑞賢,1953upload,20260208,115009,否,AM69110B63-260208115009,扣款,,現金,,,免開發票-不印收據,銷售,未列印,,,TV1Q01976,卡機未結帳,,10,10,0,,,1946,1953
485.0,希利創新_7-11 瑞賢,1953upload,20260208,114955,否,AM69110B63-260208114955,扣款,,現金,,,免開發票-不印收據,銷售,未列印,,,TV1Q01976,卡機未結帳,,10,10,0,,,1946,1953
486.0,希利創新_7-11 高鳳儀,1952upload,20260208,114455,否,AM6905195C-260208114455,扣款,,現金,,,免開發票-不印收據,銷售,未列印,,,TV1Q01887,卡機未結帳,,10,10,0,,,1946,1952
487.0,希利創新_7-11 高鳳儀,1952upload,20260208,114437,否,AM6905195C-260208114437,扣款,,現金,,,免開發票-不印收據,銷售,未列印,,,TV1Q01887,卡機未結帳,,10,10,0,,,1946,1952
488.0,希利創新_7-11 高鳳儀,1952upload,20260208,114423,否,AM6905195C-260208114423,扣款,,現金,,,免開發票-不印收據,銷售,未列印,,,TV1Q01887,卡機未結帳,,10,10,0,,,1946,1952
489.0,希利創新_7-11 高鳳儀,1952upload,20260208,114334,否,AM6905195C-260208114334,扣款,,現金,,,免開發票-不印收據,銷售,未列印,,,TV1Q01887,卡機未結帳,,10,10,0,,,1946,1952
490.0,希利創新_7-11 高鳳儀,1952upload,20260208,114306,否,AM6905195C-260208114306,扣款,,現金,,,免開發票-不印收據,銷售,未列印,,,TV1Q01887,卡機未結帳,,10,10,0,,,1946,1952
491.0,希利創新_7-11 高鳳儀,1952upload,20260208,114248,否,AM6905195C-260208114248,扣款,,現金,,,免開發票-不印收據,銷售,未列印,,,TV1Q01887,卡機未結帳,,10,10,0,,,1946,1952
492.0,希利創新_7-11 高鳳儀,1952upload,20260208,114227,否,AM6905195C-260208114227,扣款,,現金,,,免開發票-不印收據,銷售,未列印,,,TV1Q01887,卡機未結帳,,10,10,0,,,1946,1952
493.0,希利創新_7-11 高鳳儀,1952upload,20260208,114204,否,AM6905195C-260208114204,扣款,,現金,,,免開發票-不印收據,銷售,未列印,,,TV1Q01887,卡機未結帳,,10,10,0,,,1946,1952
494.0,希利創新_7-11 瑞賢,1953upload,20260208,114240,否,AM69190230-260208114240,扣款,,現金,,,免開發票-不印收據,銷售,未列印,,,TV1Q01950,卡機未結帳,,10,10,0,,,1946,1953
495.0,希利創新_7-11 瑞賢,1953upload,20260208,114203,否,AM69190230-260208114203,扣款,,現金,,,免開發票-不印收據,銷售,未列印,,,TV1Q01950,卡機未結帳,,10,10,0,,,1946,1953
496.0,希利創新_7-11 高鳳儀,1952upload,20260208,114136,否,AM6905195C-260208114136,扣款,,現金,,,免開發票-不印收據,銷售,未列印,,,TV1Q01887,卡機未結帳,,10,10,0,,,1946,1952
497.0,希利創新_7-11 瑞賢,1953upload,20260208,114145,否,AM69190230-260208114145,扣款,,現金,,,免開發票-不印收據,銷售,未列印,,,TV1Q01950,卡機未結帳,,10,10,0,,,1946,1953
498.0,希利創新_7-11 瑞賢,1953upload,20260208,114126,否,AM69190230-260208114126,扣款,,現金,,,免開發票-不印收據,銷售,未列印,,,TV1Q01950,卡機未結帳,,10,10,0,,,1946,1953
499.0,希利創新_7-11 瑞賢,1953upload,20260208,114101,否,AM69190230-260208114101,扣款,,現金,,,免開發票-不印收據,銷售,未列印,,,TV1Q01950,卡機未結帳,,10,10,0,,,1946,1953
500.0,希利創新_7-11 高鳳儀,1952upload,20260208,113958,否,AM6905195C-260208113958,扣款,,現金,,,免開發票-不印收據,銷售,未列印,,,TV1Q01887,卡機未結帳,,10,10,0,,,1946,1952
501.0,希利創新_7-11 高鳳儀,1952upload,20260208,113937,否,AM6905195C-260208113937,扣款,,現金,,,免開發票-不印收據,銷售,未列印,,,TV1Q01887,卡機未結帳,,10,10,0,,,1946,1952
502.0,希利創新_7-11 高鳳儀,1952upload,20260208,113919,否,AM6905195C-260208113919,扣款,,現金,,,免開發票-不印收據,銷售,未列印,,,TV1Q01887,卡機未結帳,,10,10,0,,,1946,1952
503.0,希利創新_7-11 愿橋,1950upload,20260208,113933,否,AM69240C45-260208113933,扣款,,現金,,,免開發票-不印收據,銷售,未列印,,,TV1Q04672,卡機未結帳,,10,10,0,,,1946,1950
504.0,希利創新_7-11 高鳳儀,1952upload,20260208,113900,否,AM6905195C-260208113900,扣款,,現金,,,免開發票-不印收據,銷售,未列印,,,TV1Q01887,卡機未結帳,,10,10,0,,,1946,1952
505.0,希利創新_7-11 高鳳儀,1952upload,20260208,113844,否,AM6905195C-260208113844,扣款,,現金,,,免開發票-不印收據,銷售,未列印,,,TV1Q01887,卡機未結帳,,10,10,0,,,1946,1952
506.0,希利創新_7-11 高鳳儀,1952upload,20260208,113816,否,AM6905195C-260208113816,扣款,,現金,,,免開發票-不印收據,銷售,未列印,,,TV1Q01887,卡機未結帳,,10,10,0,,,1946,1952
507.0,希利創新_7-11 高鳳儀,1952upload,20260208,113753,否,AM6905195C-260208113753,扣款,,現金,,,免開發票-不印收據,銷售,未列印,,,TV1Q01887,卡機未結帳,,10,10,0,,,1946,1952
508.0,希利創新_7-11 高鳳儀,1952upload,20260208,113735,否,AM6905195C-260208113735,扣款,,現金,,,免開發票-不印收據,銷售,未列印,,,TV1Q01887,卡機未結帳,,10,10,0,,,1946,1952
509.0,希利創新_7-11 高鳳儀,1952upload,20260208,113719,否,AM6905195C-260208113719,扣款,,現金,,,免開發票-不印收據,銷售,未列印,,,TV1Q01887,卡機未結帳,,10,10,0,,,1946,1952
510.0,希利創新_7-11 高鳳儀,1952upload,20260208,113656,否,AM6905195C-260208113656,扣款,,現金,,,免開發票-不印收據,銷售,未列印,,,TV1Q01887,卡機未結帳,,10,10,0,,,1946,1952
511.0,希利創新_7-11 高鳳儀,1952upload,20260208,113637,否,AM6905195C-260208113637,扣款,,現金,,,免開發票-不印收據,銷售,未列印,,,TV1Q01887,卡機未結帳,,10,10,0,,,1946,1952
512.0,希利創新_7-11 高鳳儀,1952upload,20260208,113617,否,AM6905195C-260208113617,扣款,,現金,,,免開發票-不印收據,銷售,未列印,,,TV1Q01887,卡機未結帳,,10,10,0,,,1946,1952
513.0,希利創新_7-11 高鳳儀,1952upload,20260208,113554,否,AM6905195C-260208113554,扣款,,現金,,,免開發票-不印收據,銷售,未列印,,,TV1Q01887,卡機未結帳,,10,10,0,,,1946,1952
514.0,希利創新_7-11 高鳳儀,1952upload,20260208,113532,否,AM6905195C-260208113532,扣款,,現金,,,免開發票-不印收據,銷售,未列印,,,TV1Q01887,卡機未結帳,,10,10,0,,,1946,1952
515.0,希利創新_7-11 高鳳儀,1952upload,20260208,113514,否,AM6905195C-260208113514,扣款,,現金,,,免開發票-不印收據,銷售,未列印,,,TV1Q01887,卡機未結帳,,10,10,0,,,1946,1952
516.0,希利創新_7-11 高鳳儀,1952upload,20260208,113453,否,AM6905195C-260208113453,扣款,,現金,,,免開發票-不印收據,銷售,未列印,,,TV1Q01887,卡機未結帳,,10,10,0,,,1946,1952
517.0,希利創新_7-11 高鳳儀,1952upload,20260208,113432,否,AM6905195C-260208113432,扣款,,現金,,,免開發票-不印收據,銷售,未列印,,,TV1Q01887,卡機未結帳,,10,10,0,,,1946,1952
518.0,希利創新_7-11 高鳳儀,1952upload,20260208,113409,否,AM6905195C-260208113409,扣款,,現金,,,免開發票-不印收據,銷售,未列印,,,TV1Q01887,卡機未結帳,,10,10,0,,,1946,1952
519.0,希利創新_7-11 高鳳儀,1952upload,20260208,113344,否,AM6905195C-260208113344,扣款,,現金,,,免開發票-不印收據,銷售,未列印,,,TV1Q01887,卡機未結帳,,10,10,0,,,1946,1952
520.0,希利創新_7-11 高鳳儀,1952upload,20260208,113318,否,AM6905195C-260208113318,扣款,,現金,,,免開發票-不印收據,銷售,未列印,,,TV1Q01887,卡機未結帳,,10,10,0,,,1946,1952
521.0,希利創新_7-11 高鳳儀,1952upload,20260208,113221,否,AM69303D35-260208113221,扣款,,現金,,,免開發票-不印收據,銷售,未列印,,,TV1Q01825,卡機未結帳,,10,10,0,,,1946,1952
522.0,希利創新_7-11 高鳳儀,1952upload,20260208,113202,否,AM69303D35-260208113202,扣款,,現金,,,免開發票-不印收據,銷售,未列印,,,TV1Q01825,卡機未結帳,,10,10,0,,,1946,1952
523.0,希利創新_7-11 高鳳儀,1952upload,20260208,113123,否,AM69303D35-260208113123,扣款,,現金,,,免開發票-不印收據,銷售,未列印,,,TV1Q01825,卡機未結帳,,10,10,0,,,1946,1952
524.0,希利創新_7-11 高鳳儀,1952upload,20260208,113046,否,AM69303D35-260208113046,扣款,,現金,,,免開發票-不印收據,銷售,未列印,,,TV1Q01825,卡機未結帳,,10,10,0,,,1946,1952
525.0,希利創新_7-11 高鳳儀,1952upload,20260208,113016,否,AM69303D35-260208113016,扣款,,現金,,,免開發票-不印收據,銷售,未列印,,,TV1Q01825,卡機未結帳,,10,10,0,,,1946,1952
526.0,希利創新_7-11 高鳳儀,1952upload,20260208,112129,否,AM691021B5-260208112129,扣款,,現金,,,免開發票-不印收據,銷售,未列印,,,TV1Q01896,卡機未結帳,,10,10,0,,,1946,1952
527.0,希利創新_7-11 高鳳儀,1952upload,20260208,112018,否,AM691021B5-260208112018,扣款,,現金,,,免開發票-不印收據,銷售,未列印,,,TV1Q01896,卡機未結帳,,10,10,0,,,1946,1952
528.0,希利創新_7-11 冠亨,1947upload,20260208,111651,否,AM690F282E-260208111651,扣款,,現金,,,免開發票-不印收據,銷售,未列印,,,TV1Q05752,卡機未結帳,,10,10,0,,,1946,1947
529.0,希利創新_7-11 冠亨,1947upload,20260208,111644,否,AM690F282E-260208111644,扣款,,現金,,,免開發票-不印收據,銷售,未列印,,,TV1Q05752,卡機未結帳,,10,10,0,,,1946,1947
530.0,希利創新_7-11 高鳳儀,1952upload,20260208,110947,否,AM69220CFA-260208110947,扣款,,現金,,,免開發票-不印收據,銷售,未列印,,,TV1Q04664,卡機未結帳,,10,10,0,,,1946,1952
531.0,希利創新_7-11 高鳳儀,1952upload,20260208,110912,否,AM69220CFA-260208110912,扣款,,現金,,,免開發票-不印收據,銷售,未列印,,,TV1Q04664,卡機未結帳,,10,10,0,,,1946,1952
532.0,希利創新_7-11 高鳳儀,1952upload,20260208,110825,否,AM69220CFA-260208110825,扣款,,現金,,,免開發票-不印收據,銷售,未列印,,,TV1Q04664,卡機未結帳,,10,10,0,,,1946,1952
533.0,希利創新_7-11 高鳳儀,1952upload,20260208,110755,否,AM69220CFA-260208110755,扣款,,現金,,,免開發票-不印收據,銷售,未列印,,,TV1Q04664,卡機未結帳,,10,10,0,,,1946,1952
534.0,希利創新_7-11 高鳳儀,1952upload,20260208,110732,否,AM69220CFA-260208110732,扣款,,現金,,,免開發票-不印收據,銷售,未列印,,,TV1Q04664,卡機未結帳,,10,10,0,,,1946,1952
535.0,希利創新_7-11 高鳳儀,1952upload,20260208,110711,否,AM69220CFA-260208110711,扣款,,現金,,,免開發票-不印收據,銷售,未列印,,,TV1Q04664,卡機未結帳,,10,10,0,,,1946,1952
536.0,希利創新_7-11 高鳳儀,1952upload,20260208,110641,否,AM69220CFA-260208110641,扣款,,現金,,,免開發票-不印收據,銷售,未列印,,,TV1Q04664,卡機未結帳,,10,10,0,,,1946,1952
537.0,希利創新_7-11 高鳳儀,1952upload,20260208,110618,否,AM69220CFA-260208110618,扣款,,現金,,,免開發票-不印收據,銷售,未列印,,,TV1Q04664,卡機未結帳,,10,10,0,,,1946,1952
538.0,希利創新_7-11 科有,1948upload,20260208,110136,否,AM692D244E-260208110136,扣款,,現金,,,免開發票-不印收據,銷售,未列印,,,TV1Q05758,卡機未結帳,,10,10,0,,,1946,1948
539.0,希利創新_7-11 科有,1948upload,20260208,110108,否,AM692D244E-260208110108,扣款,,現金,,,免開發票-不印收據,銷售,未列印,,,TV1Q05758,卡機未結帳,,10,10,0,,,1946,1948
540.0,希利創新_7-11 科有,1948upload,20260208,105958,否,AM692D244E-260208105958,扣款,,現金,,,免開發票-不印收據,銷售,未列印,,,TV1Q05758,卡機未結帳,,10,10,0,,,1946,1948
541.0,希利創新_7-11 科有,1948upload,20260208,105838,否,AM691200AE-260208105838,扣款,,現金,,,免開發票-不印收據,銷售,未列印,,,TV1Q05760,卡機未結帳,,10,10,0,,,1946,1948
542.0,希利創新_7-11 科有,1948upload,20260208,105741,否,AM691F15EC-260208105741,扣款,,現金,,,免開發票-不印收據,銷售,未列印,,,TV1Q05791,卡機未結帳,,10,10,0,,,1946,1948
543.0,希利創新_7-11 科有,1948upload,20260208,105614,否,AM691F15EC-260208105614,扣款,,現金,,,免開發票-不印收據,銷售,未列印,,,TV1Q05791,卡機未結帳,,10,10,0,,,1946,1948
544.0,希利創新_7-11 科有,1948upload,20260208,105615,否,AM692D244E-260208105615,扣款,,現金,,,免開發票-不印收據,銷售,未列印,,,TV1Q05758,卡機未結帳,,10,10,0,,,1946,1948
545.0,希利創新_7-11 科有,1948upload,20260208,105548,否,AM691F15EC-260208105548,扣款,,現金,,,免開發票-不印收據,銷售,未列印,,,TV1Q05791,卡機未結帳,,10,10,0,,,1946,1948
546.0,希利創新_7-11 科有,1948upload,20260208,105526,否,AM692D244E-260208105526,扣款,,現金,,,免開發票-不印收據,銷售,未列印,,,TV1Q05758,卡機未結帳,,10,10,0,,,1946,1948
547.0,希利創新_7-11 科有,1948upload,20260208,105520,否,AM691F15EC-260208105520,扣款,,現金,,,免開發票-不印收據,銷售,未列印,,,TV1Q05791,卡機未結帳,,10,10,0,,,1946,1948
548.0,希利創新_7-11 科有,1948upload,20260208,105458,否,AM692D244E-260208105458,扣款,,現金,,,免開發票-不印收據,銷售,未列印,,,TV1Q05758,卡機未結帳,,10,10,0,,,1946,1948
549.0,希利創新_7-11 科有,1948upload,20260208,105323,否,AM691F15EC-260208105323,扣款,,現金,,,免開發票-不印收據,銷售,未列印,,,TV1Q05791,卡機未結帳,,10,10,0,,,1946,1948
550.0,希利創新_7-11 科有,1948upload,20260208,105245,否,AM691F15EC-260208105245,扣款,,現金,,,免開發票-不印收據,銷售,未列印,,,TV1Q05791,卡機未結帳,,10,10,0,,,1946,1948
551.0,希利創新_7-11 科有,1948upload,20260208,105205,否,AM691F15EC-260208105205,扣款,,現金,,,免開發票-不印收據,銷售,未列印,,,TV1Q05791,卡機未結帳,,10,10,0,,,1946,1948
552.0,希利創新_7-11 冠亨,1947upload,20260208,105044,否,AM690F282E-260208105044,扣款,,現金,,,免開發票-不印收據,銷售,未列印,,,TV1Q05752,卡機未結帳,,10,10,0,,,1946,1947
553.0,希利創新_7-11 冠亨,1947upload,20260208,105035,否,AM690F282E-260208105035,扣款,,現金,,,免開發票-不印收據,銷售,未列印,,,TV1Q05752,卡機未結帳,,10,10,0,,,1946,1947
554.0,希利創新_7-11 冠亨,1947upload,20260208,105014,否,AM690F282E-260208105014,扣款,,現金,,,免開發票-不印收據,銷售,未列印,,,TV1Q05752,卡機未結帳,,10,10,0,,,1946,1947
555.0,希利創新_7-11 冠亨,1947upload,20260208,104954,否,AM690F282E-260208104954,扣款,,現金,,,免開發票-不印收據,銷售,未列印,,,TV1Q05752,卡機未結帳,,10,10,0,,,1946,1947
556.0,希利創新_7-11 冠亨,1947upload,20260208,104935,否,AM69082E5C-260208104935,扣款,,現金,,,免開發票-不印收據,銷售,未列印,,,TV1Q05716,卡機未結帳,,10,10,0,,,1946,1947
557.0,希利創新_7-11 冠亨,1947upload,20260208,104851,否,AM691829A5-260208104851,扣款,,現金,,,免開發票-不印收據,銷售,未列印,,,TV1Q05806,卡機未結帳,,10,10,0,,,1946,1947
558.0,希利創新_7-11 冠亨,1947upload,20260208,104825,否,AM69082E5C-260208104825,扣款,,現金,,,免開發票-不印收據,銷售,未列印,,,TV1Q05716,卡機未結帳,,10,10,0,,,1946,1947
559.0,希利創新_7-11 冠亨,1947upload,20260208,104756,否,AM690F282E-260208104756,扣款,,現金,,,免開發票-不印收據,銷售,未列印,,,TV1Q05752,卡機未結帳,,10,10,0,,,1946,1947
560.0,希利創新_7-11 冠亨,1947upload,20260208,104112,否,AM69082E5C-260208104112,扣款,,現金,,,免開發票-不印收據,銷售,未列印,,,TV1Q05716,卡機未結帳,,10,10,0,,,1946,1947
561.0,希利創新_7-11 冠亨,1947upload,20260208,104041,否,AM69082E5C-260208104041,扣款,,現金,,,免開發票-不印收據,銷售,未列印,,,TV1Q05716,卡機未結帳,,10,10,0,,,1946,1947
562.0,希利創新_7-11 冠亨,1947upload,20260208,104028,否,AM69082E5C-260208104028,扣款,,現金,,,免開發票-不印收據,銷售,未列印,,,TV1Q05716,卡機未結帳,,10,10,0,,,1946,1947
563.0,希利創新_7-11 冠亨,1947upload,20260208,104017,否,AM69082E5C-260208104017,扣款,,現金,,,免開發票-不印收據,銷售,未列印,,,TV1Q05716,卡機未結帳,,10,10,0,,,1946,1947
564.0,希利創新_7-11 冠亨,1947upload,20260208,103958,否,AM69082E5C-260208103958,扣款,,現金,,,免開發票-不印收據,銷售,未列印,,,TV1Q05716,卡機未結帳,,10,10,0,,,1946,1947
565.0,希利創新_7-11 冠亨,1947upload,20260208,103940,否,AM69082E5C-260208103940,扣款,,現金,,,免開發票-不印收據,銷售,未列印,,,TV1Q05716,卡機未結帳,,10,10,0,,,1946,1947
566.0,希利創新_7-11 冠亨,1947upload,20260208,103922,否,AM69082E5C-260208103922,扣款,,現金,,,免開發票-不印收據,銷售,未列印,,,TV1Q05716,卡機未結帳,,10,10,0,,,1946,1947
567.0,希利創新_7-11 冠亨,1947upload,20260208,103232,否,AM69082E5C-260208103232,扣款,,現金,,,免開發票-不印收據,銷售,未列印,,,TV1Q05716,卡機未結帳,,10,10,0,,,1946,1947
568.0,希利創新_7-11 高鳳儀,1952upload,20260208,102425,否,AM6905195C-260208102425,扣款,,現金,,,免開發票-不印收據,銷售,未列印,,,TV1Q01887,卡機未結帳,,10,10,0,,,1946,1952
569.0,希利創新_7-11 高鳳儀,1952upload,20260208,102359,否,AM6905195C-260208102359,扣款,,現金,,,免開發票-不印收據,銷售,未列印,,,TV1Q01887,卡機未結帳,,10,10,0,,,1946,1952
570.0,希利創新_7-11 高鳳儀,1952upload,20260208,102334,否,AM6905195C-260208102334,扣款,,現金,,,免開發票-不印收據,銷售,未列印,,,TV1Q01887,卡機未結帳,,10,10,0,,,1946,1952
571.0,希利創新_7-11 高鳳儀,1952upload,20260208,102313,否,AM6905195C-260208102313,扣款,,現金,,,免開發票-不印收據,銷售,未列印,,,TV1Q01887,卡機未結帳,,10,10,0,,,1946,1952
572.0,希利創新_7-11 高鳳儀,1952upload,20260208,102248,否,AM6905195C-260208102248,扣款,,現金,,,免開發票-不印收據,銷售,未列印,,,TV1Q01887,卡機未結帳,,10,10,0,,,1946,1952
573.0,希利創新_7-11 愿橋,1950upload,20260208,100751,否,AM69240C45-260208100751,扣款,,現金,,,免開發票-不印收據,銷售,未列印,,,TV1Q04672,卡機未結帳,,10,10,0,,,1946,1950
574.0,希利創新_7-11 愿橋,1950upload,20260208,094737,否,AM693229E4-260208094737,扣款,,現金,,,免開發票-不印收據,銷售,未列印,,,TV1Q01931,卡機未結帳,,10,10,0,,,1946,1950
575.0,希利創新_7-11 愿橋,1950upload,20260208,094721,否,AM693229E4-260208094721,扣款,,現金,,,免開發票-不印收據,銷售,未列印,,,TV1Q01931,卡機未結帳,,10,10,0,,,1946,1950
576.0,希利創新_7-11 愿橋,1950upload,20260208,094653,否,AM693229E4-260208094653,扣款,,現金,,,免開發票-不印收據,銷售,未列印,,,TV1Q01931,卡機未結帳,,10,10,0,,,1946,1950
577.0,希利創新_7-11 愿橋,1950upload,20260208,094238,否,AM69223B38-260208094238,扣款,,現金,,,免開發票-不印收據,銷售,未列印,,,TV1Q04673,卡機未結帳,,10,10,0,,,1946,1950
578.0,希利創新_7-11 愿橋,1950upload,20260208,094224,否,AM69223B38-260208094224,扣款,,現金,,,免開發票-不印收據,銷售,未列印,,,TV1Q04673,卡機未結帳,,10,10,0,,,1946,1950
579.0,希利創新_7-11 冠亨,1947upload,20260208,094229,否,AM69082E5C-260208094229,扣款,,現金,,,免開發票-不印收據,銷售,未列印,,,TV1Q05716,卡機未結帳,,10,10,0,,,1946,1947
580.0,希利創新_7-11 愿橋,1950upload,20260208,094211,否,AM69223B38-260208094211,扣款,,現金,,,免開發票-不印收據,銷售,未列印,,,TV1Q04673,卡機未結帳,,10,10,0,,,1946,1950
581.0,希利創新_7-11 冠亨,1947upload,20260208,094202,否,AM69082E5C-260208094202,扣款,,現金,,,免開發票-不印收據,銷售,未列印,,,TV1Q05716,卡機未結帳,,10,10,0,,,1946,1947
582.0,希利創新_7-11 愿橋,1950upload,20260208,094159,否,AM69223B38-260208094159,扣款,,現金,,,免開發票-不印收據,銷售,未列印,,,TV1Q04673,卡機未結帳,,10,10,0,,,1946,1950
583.0,希利創新_7-11 瑞賢,1953upload,20260208,093605,否,AM69081914-260208093605,扣款,,現金,,,免開發票-不印收據,銷售,未列印,,,TV1Q01977,卡機未結帳,,10,10,0,,,1946,1953
584.0,希利創新_7-11 瑞賢,1953upload,20260208,093554,否,AM69081914-260208093554,扣款,,現金,,,免開發票-不印收據,銷售,未列印,,,TV1Q01977,卡機未結帳,,10,10,0,,,1946,1953
585.0,希利創新_7-11 瑞賢,1953upload,20260208,093545,否,AM69081914-260208093545,扣款,,現金,,,免開發票-不印收據,銷售,未列印,,,TV1Q01977,卡機未結帳,,10,10,0,,,1946,1953
586.0,希利創新_7-11 瑞賢,1953upload,20260208,093534,否,AM69081914-260208093534,扣款,,現金,,,免開發票-不印收據,銷售,未列印,,,TV1Q01977,卡機未結帳,,10,10,0,,,1946,1953
587.0,希利創新_7-11 瑞賢,1953upload,20260208,093523,否,AM69081914-260208093523,扣款,,現金,,,免開發票-不印收據,銷售,未列印,,,TV1Q01977,卡機未結帳,,10,10,0,,,1946,1953
588.0,希利創新_7-11 瑞賢,1953upload,20260208,093514,否,AM69081914-260208093514,扣款,,現金,,,免開發票-不印收據,銷售,未列印,,,TV1Q01977,卡機未結帳,,10,10,0,,,1946,1953
589.0,希利創新_7-11 瑞賢,1953upload,20260208,093505,否,AM69081914-260208093505,扣款,,現金,,,免開發票-不印收據,銷售,未列印,,,TV1Q01977,卡機未結帳,,10,10,0,,,1946,1953
590.0,希利創新_7-11 瑞賢,1953upload,20260208,093454,否,AM69081914-260208093454,扣款,,現金,,,免開發票-不印收據,銷售,未列印,,,TV1Q01977,卡機未結帳,,10,10,0,,,1946,1953
591.0,希利創新_7-11 瑞賢,1953upload,20260208,093444,否,AM69081914-260208093444,扣款,,現金,,,免開發票-不印收據,銷售,未列印,,,TV1Q01977,卡機未結帳,,10,10,0,,,1946,1953
592.0,希利創新_7-11 瑞賢,1953upload,20260208,093436,否,AM69081914-260208093436,扣款,,現金,,,免開發票-不印收據,銷售,未列印,,,TV1Q01977,卡機未結帳,,10,10,0,,,1946,1953
593.0,希利創新_7-11 瑞賢,1953upload,20260208,093401,否,AM69081914-260208093401,扣款,,現金,,,免開發票-不印收據,銷售,未列印,,,TV1Q01977,卡機未結帳,,10,10,0,,,1946,1953
594.0,希利創新_7-11 瑞賢,1953upload,20260208,093349,否,AM69081914-260208093349,扣款,,現金,,,免開發票-不印收據,銷售,未列印,,,TV1Q01977,卡機未結帳,,10,10,0,,,1946,1953
595.0,希利創新_7-11 瑞賢,1953upload,20260208,093302,否,AM69081914-260208093302,扣款,,現金,,,免開發票-不印收據,銷售,未列印,,,TV1Q01977,卡機未結帳,,10,10,0,,,1946,1953
596.0,希利創新_7-11 瑞賢,1953upload,20260208,093244,否,AM69081914-260208093244,扣款,,現金,,,免開發票-不印收據,銷售,未列印,,,TV1Q01977,卡機未結帳,,10,10,0,,,1946,1953
597.0,希利創新_7-11 瑞賢,1953upload,20260208,093218,否,AM69081914-260208093218,扣款,,現金,,,免開發票-不印收據,銷售,未列印,,,TV1Q01977,卡機未結帳,,10,10,0,,,1946,1953
598.0,希利創新_7-11 瑞賢,1953upload,20260208,093200,否,AM69081914-260208093200,扣款,,現金,,,免開發票-不印收據,銷售,未列印,,,TV1Q01977,卡機未結帳,,10,10,0,,,1946,1953
599.0,希利創新_7-11 瑞賢,1953upload,20260208,093146,否,AM69081914-260208093146,扣款,,現金,,,免開發票-不印收據,銷售,未列印,,,TV1Q01977,卡機未結帳,,10,10,0,,,1946,1953
600.0,希利創新_7-11 瑞賢,1953upload,20260208,093059,否,AM69081914-260208093059,扣款,,現金,,,免開發票-不印收據,銷售,未列印,,,TV1Q01977,卡機未結帳,,10,10,0,,,1946,1953
601.0,希利創新_7-11 瑞賢,1953upload,20260208,093048,否,AM69081914-260208093048,扣款,,現金,,,免開發票-不印收據,銷售,未列印,,,TV1Q01977,卡機未結帳,,10,10,0,,,1946,1953
602.0,希利創新_7-11 瑞賢,1953upload,20260208,093039,否,AM69081914-260208093039,扣款,,現金,,,免開發票-不印收據,銷售,未列印,,,TV1Q01977,卡機未結帳,,10,10,0,,,1946,1953
603.0,希利創新_7-11 瑞賢,1953upload,20260208,093028,否,AM69081914-260208093028,扣款,,現金,,,免開發票-不印收據,銷售,未列印,,,TV1Q01977,卡機未結帳,,10,10,0,,,1946,1953
604.0,希利創新_7-11 瑞賢,1953upload,20260208,093017,否,AM69081914-260208093017,扣款,,現金,,,免開發票-不印收據,銷售,未列印,,,TV1Q01977,卡機未結帳,,10,10,0,,,1946,1953
605.0,希利創新_7-11 瑞賢,1953upload,20260208,092826,否,AM69081914-260208092826,扣款,,現金,,,免開發票-不印收據,銷售,未列印,,,TV1Q01977,卡機未結帳,,10,10,0,,,1946,1953
606.0,希利創新_7-11 瑞賢,1953upload,20260208,092812,否,AM69081914-260208092812,扣款,,現金,,,免開發票-不印收據,銷售,未列印,,,TV1Q01977,卡機未結帳,,10,10,0,,,1946,1953
607.0,希利創新_7-11 瑞賢,1953upload,20260208,092759,否,AM69081914-260208092759,扣款,,現金,,,免開發票-不印收據,銷售,未列印,,,TV1Q01977,卡機未結帳,,10,10,0,,,1946,1953
608.0,希利創新_7-11 瑞賢,1953upload,20260208,092748,否,AM69081914-260208092748,扣款,,現金,,,免開發票-不印收據,銷售,未列印,,,TV1Q01977,卡機未結帳,,10,10,0,,,1946,1953
609.0,希利創新_7-11 高鳳儀,1952upload,20260208,092630,否,AM6905195C-260208092630,扣款,,現金,,,免開發票-不印收據,銷售,未列印,,,TV1Q01887,卡機未結帳,,10,10,0,,,1946,1952
610.0,希利創新_7-11 高鳳儀,1952upload,20260208,092524,否,AM6905195C-260208092524,扣款,,現金,,,免開發票-不印收據,銷售,未列印,,,TV1Q01887,卡機未結帳,,10,10,0,,,1946,1952
611.0,希利創新_7-11 高鳳儀,1952upload,20260208,092503,否,AM6905195C-260208092503,扣款,,現金,,,免開發票-不印收據,銷售,未列印,,,TV1Q01887,卡機未結帳,,10,10,0,,,1946,1952
612.0,希利創新_7-11 瑞賢,1953upload,20260208,092318,否,AM69081914-260208092318,扣款,,現金,,,免開發票-不印收據,銷售,未列印,,,TV1Q01977,卡機未結帳,,10,10,0,,,1946,1953
613.0,希利創新_7-11 高鳳儀,1952upload,20260208,092315,否,AM691021B5-260208092315,扣款,,現金,,,免開發票-不印收據,銷售,未列印,,,TV1Q01896,卡機未結帳,,10,10,0,,,1946,1952
614.0,希利創新_7-11 高鳳儀,1952upload,20260208,092256,否,AM691021B5-260208092256,扣款,,現金,,,免開發票-不印收據,銷售,未列印,,,TV1Q01896,卡機未結帳,,10,10,0,,,1946,1952
615.0,希利創新_7-11 瑞賢,1953upload,20260208,092255,否,AM69081914-260208092255,扣款,,現金,,,免開發票-不印收據,銷售,未列印,,,TV1Q01977,卡機未結帳,,10,10,0,,,1946,1953
616.0,希利創新_7-11 高鳳儀,1952upload,20260208,092242,否,AM691021B5-260208092242,扣款,,現金,,,免開發票-不印收據,銷售,未列印,,,TV1Q01896,卡機未結帳,,10,10,0,,,1946,1952
617.0,希利創新_7-11 高鳳儀,1952upload,20260208,092226,否,AM691021B5-260208092226,扣款,,現金,,,免開發票-不印收據,銷售,未列印,,,TV1Q01896,卡機未結帳,,10,10,0,,,1946,1952
618.0,希利創新_7-11 瑞賢,1953upload,20260208,092222,否,AM69081914-260208092222,扣款,,現金,,,免開發票-不印收據,銷售,未列印,,,TV1Q01977,卡機未結帳,,10,10,0,,,1946,1953
619.0,希利創新_7-11 瑞賢,1953upload,20260208,092147,否,AM69081914-260208092147,扣款,,現金,,,免開發票-不印收據,銷售,未列印,,,TV1Q01977,卡機未結帳,,10,10,0,,,1946,1953
620.0,希利創新_7-11 瑞賢,1953upload,20260208,092020,否,AM69081914-260208092020,扣款,,現金,,,免開發票-不印收據,銷售,未列印,,,TV1Q01977,卡機未結帳,,10,10,0,,,1946,1953
621.0,希利創新_7-11 瑞賢,1953upload,20260208,091941,否,AM69081914-260208091941,扣款,,現金,,,免開發票-不印收據,銷售,未列印,,,TV1Q01977,卡機未結帳,,10,10,0,,,1946,1953
622.0,希利創新_7-11 高鳳儀,1952upload,20260208,091750,否,AM69220CFA-260208091750,扣款,,現金,,,免開發票-不印收據,銷售,未列印,,,TV1Q04664,卡機未結帳,,10,10,0,,,1946,1952
623.0,希利創新_7-11 高鳳儀,1952upload,20260208,090634,否,AM69303D35-260208090634,扣款,,現金,,,免開發票-不印收據,銷售,未列印,,,TV1Q01825,卡機未結帳,,10,10,0,,,1946,1952
624.0,希利創新_7-11 十興,1949upload,20260208,090045,否,AM69352EC3-260208090045,扣款,,現金,,,免開發票-不印收據,銷售,未列印,,,TV1Q05742,卡機未結帳,,10,10,0,,,1946,1949
625.0,希利創新_7-11 瑞賢,1953upload,20260208,085414,否,AM691A31F3-260208085414,扣款,,現金,,,免開發票-不印收據,銷售,未列印,,,TV1Q01974,卡機未結帳,,10,10,0,,,1946,1953
626.0,希利創新_7-11 十興,1949upload,20260208,081506,否,AM69140008-260208081506,扣款,,現金,,,免開發票-不印收據,銷售,未列印,,,TV1Q05745,卡機未結帳,,10,10,0,,,1946,1949
627.0,希利創新_7-11 高鳳儀,1952upload,20260208,074908,否,AM69303D35-260208074908,扣款,,現金,,,免開發票-不印收據,銷售,未列印,,,TV1Q01825,卡機未結帳,,10,10,0,,,1946,1952
628.0,希利創新_7-11 高鳳儀,1952upload,20260208,074840,否,AM69303D35-260208074840,扣款,,現金,,,免開發票-不印收據,銷售,未列印,,,TV1Q01825,卡機未結帳,,10,10,0,,,1946,1952
629.0,希利創新_7-11 冠亨,1947upload,20260208,072104,否,AM69082E5C-260208072104,扣款,,現金,,,免開發票-不印收據,銷售,未列印,,,TV1Q05716,卡機未結帳,,10,10,0,,,1946,1947
630.0,希利創新_7-11 冠亨,1947upload,20260208,072048,否,AM69082E5C-260208072048,扣款,,現金,,,免開發票-不印收據,銷售,未列印,,,TV1Q05716,卡機未結帳,,10,10,0,,,1946,1947
631.0,希利創新_7-11 冠亨,1947upload,20260208,072022,否,AM69082E5C-260208072022,扣款,,現金,,,免開發票-不印收據,銷售,未列印,,,TV1Q05716,卡機未結帳,,10,10,0,,,1946,1947
632.0,希利創新_7-11 冠亨,1947upload,20260208,072002,否,AM69082E5C-260208072002,扣款,,現金,,,免開發票-不印收據,銷售,未列印,,,TV1Q05716,卡機未結帳,,10,10,0,,,1946,1947
633.0,希利創新_7-11 冠亨,1947upload,20260208,071943,否,AM69082E5C-260208071943,扣款,,現金,,,免開發票-不印收據,銷售,未列印,,,TV1Q05716,卡機未結帳,,10,10,0,,,1946,1947
634.0,希利創新_7-11 冠亨,1947upload,20260208,071827,否,260208071827-69082E5C190928598911,扣款,1909285989,悠遊卡,一般卡,,免開發票-不印收據,銷售,未列印,,,TV1Q05716,卡機已結帳,2026-02-08 13:01:29,10,10,0,,,1946,1947
635.0,希利創新_7-11 冠亨,1947upload,20260208,071809,否,260208071809-69082E5C190928598911,扣款,1909285989,悠遊卡,一般卡,,免開發票-不印收據,銷售,未列印,,,TV1Q05716,卡機已結帳,2026-02-08 13:01:30,10,10,0,,,1946,1947
636.0,希利創新_7-11 冠亨,1947upload,20260208,071752,否,AM69082E5C-260208071752,扣款,,現金,,,免開發票-不印收據,銷售,未列印,,,TV1Q05716,卡機未結帳,,10,10,0,,,1946,1947
637.0,希利創新_7-11 冠亨,1947upload,20260208,071731,否,AM69082E5C-260208071731,扣款,,現金,,,免開發票-不印收據,銷售,未列印,,,TV1Q05716,卡機未結帳,,10,10,0,,,1946,1947
638.0,希利創新_7-11 冠亨,1947upload,20260208,071708,否,AM69082E5C-260208071708,扣款,,現金,,,免開發票-不印收據,銷售,未列印,,,TV1Q05716,卡機未結帳,,10,10,0,,,1946,1947
639.0,希利創新_7-11 冠亨,1947upload,20260208,071631,否,AM69082E5C-260208071631,扣款,,現金,,,免開發票-不印收據,銷售,未列印,,,TV1Q05716,卡機未結帳,,10,10,0,,,1946,1947
640.0,希利創新_7-11 冠亨,1947upload,20260208,071605,否,AM69082E5C-260208071605,扣款,,現金,,,免開發票-不印收據,銷售,未列印,,,TV1Q05716,卡機未結帳,,10,10,0,,,1946,1947
641.0,希利創新_7-11 冠亨,1947upload,20260208,071401,否,AM690F282E-260208071401,扣款,,現金,,,免開發票-不印收據,銷售,未列印,,,TV1Q05752,卡機未結帳,,10,10,0,,,1946,1947
642.0,希利創新_7-11 冠亨,1947upload,20260208,071334,否,260208071334-690F282E190928598911,扣款,1909285989,悠遊卡,一般卡,,免開發票-不印收據,銷售,未列印,,,TV1Q05752,卡機已結帳,2026-02-08 13:01:08,10,10,0,,,1946,1947
643.0,希利創新_7-11 冠亨,1947upload,20260208,071327,否,260208071327-690F282E190928598911,扣款,1909285989,悠遊卡,一般卡,,免開發票-不印收據,銷售,未列印,,,TV1Q05752,卡機已結帳,2026-02-08 13:01:09,10,10,0,,,1946,1947
644.0,希利創新_7-11 冠亨,1947upload,20260208,071307,否,260208071307-690F282E190928598911,扣款,1909285989,悠遊卡,一般卡,,免開發票-不印收據,銷售,未列印,,,TV1Q05752,卡機已結帳,2026-02-08 13:01:09,10,10,0,,,1946,1947
645.0,希利創新_7-11 冠亨,1947upload,20260208,071235,否,260208071235-690F282E190928598911,扣款,1909285989,悠遊卡,一般卡,,免開發票-不印收據,銷售,未列印,,,TV1Q05752,卡機已結帳,2026-02-08 13:01:10,10,10,0,,,1946,1947
646.0,希利創新_7-11 冠亨,1947upload,20260208,051139,否,AM692023CF-260208051139,扣款,,現金,,,免開發票-不印收據,銷售,未列印,,,TV1Q05769,卡機未結帳,,10,10,0,,,1946,1947
647.0,希利創新_7-11 冠亨,1947upload,20260208,050805,否,AM690F282E-260208050805,扣款,,現金,,,免開發票-不印收據,銷售,未列印,,,TV1Q05752,卡機未結帳,,10,10,0,,,1946,1947
648.0,希利創新_7-11 冠亨,1947upload,20260208,050753,否,AM690F282E-260208050753,扣款,,現金,,,免開發票-不印收據,銷售,未列印,,,TV1Q05752,卡機未結帳,,10,10,0,,,1946,1947
649.0,希利創新_7-11 冠亨,1947upload,20260208,050735,否,AM690F282E-260208050735,扣款,,現金,,,免開發票-不印收據,銷售,未列印,,,TV1Q05752,卡機未結帳,,10,10,0,,,1946,1947
650.0,希利創新_7-11 高鳳儀,1952upload,20260208,035345,否,AM691021B5-260208035345,扣款,,現金,,,免開發票-不印收據,銷售,未列印,,,TV1Q01896,卡機未結帳,,10,10,0,,,1946,1952
651.0,希利創新_7-11 高鳳儀,1952upload,20260208,035324,否,AM691021B5-260208035324,扣款,,現金,,,免開發票-不印收據,銷售,未列印,,,TV1Q01896,卡機未結帳,,10,10,0,,,1946,1952
652.0,希利創新_7-11 高鳳儀,1952upload,20260208,035301,否,AM691021B5-260208035301,扣款,,現金,,,免開發票-不印收據,銷售,未列印,,,TV1Q01896,卡機未結帳,,10,10,0,,,1946,1952
653.0,希利創新_7-11 高鳳儀,1952upload,20260208,035243,否,AM691021B5-260208035243,扣款,,現金,,,免開發票-不印收據,銷售,未列印,,,TV1Q01896,卡機未結帳,,10,10,0,,,1946,1952
654.0,希利創新_7-11 高鳳儀,1952upload,20260208,035229,否,AM691021B5-260208035229,扣款,,現金,,,免開發票-不印收據,銷售,未列印,,,TV1Q01896,卡機未結帳,,10,10,0,,,1946,1952
655.0,希利創新_7-11 高鳳儀,1952upload,20260208,035216,否,AM691021B5-260208035216,扣款,,現金,,,免開發票-不印收據,銷售,未列印,,,TV1Q01896,卡機未結帳,,10,10,0,,,1946,1952
656.0,希利創新_7-11 高鳳儀,1952upload,20260208,035202,否,AM691021B5-260208035202,扣款,,現金,,,免開發票-不印收據,銷售,未列印,,,TV1Q01896,卡機未結帳,,10,10,0,,,1946,1952
657.0,希利創新_7-11 高鳳儀,1952upload,20260208,035149,否,AM691021B5-260208035149,扣款,,現金,,,免開發票-不印收據,銷售,未列印,,,TV1Q01896,卡機未結帳,,10,10,0,,,1946,1952
658.0,希利創新_7-11 高鳳儀,1952upload,20260208,035130,否,AM691021B5-260208035130,扣款,,現金,,,免開發票-不印收據,銷售,未列印,,,TV1Q01896,卡機未結帳,,10,10,0,,,1946,1952
659.0,希利創新_7-11 高鳳儀,1952upload,20260208,035110,否,AM691021B5-260208035110,扣款,,現金,,,免開發票-不印收據,銷售,未列印,,,TV1Q01896,卡機未結帳,,10,10,0,,,1946,1952
660.0,希利創新_7-11 冠亨,1947upload,20260208,033511,否,AM691829A5-260208033511,扣款,,現金,,,免開發票-不印收據,銷售,未列印,,,TV1Q05806,卡機未結帳,,10,10,0,,,1946,1947
661.0,希利創新_7-11 冠亨,1947upload,20260208,014019,否,AM69082E5C-260208014019,扣款,,現金,,,免開發票-不印收據,銷售,未列印,,,TV1Q05716,卡機未結帳,,10,10,0,,,1946,1947
662.0,希利創新_7-11 冠亨,1947upload,20260208,013959,否,AM69082E5C-260208013959,扣款,,現金,,,免開發票-不印收據,銷售,未列印,,,TV1Q05716,卡機未結帳,,10,10,0,,,1946,1947
663.0,希利創新_7-11 科有,1948upload,20260208,004723,否,AM692D244E-260208004723,扣款,,現金,,,免開發票-不印收據,銷售,未列印,,,TV1Q05758,卡機未結帳,,10,10,0,,,1946,1948
664.0,希利創新_7-11 科有,1948upload,20260208,004534,否,AM692D244E-260208004534,扣款,,現金,,,免開發票-不印收據,銷售,未列印,,,TV1Q05758,卡機未結帳,,10,10,0,,,1946,1948
665.0,希利創新_7-11 冠亨,1947upload,20260208,002530,否,AM692023CF-260208002530,扣款,,現金,,,免開發票-不印收據,銷售,未列印,,,TV1Q05769,卡機未結帳,,10,10,0,,,1946,1947
666.0,希利創新_7-11 冠亨,1947upload,20260208,002502,否,AM692023CF-260208002502,扣款,,現金,,,免開發票-不印收據,銷售,未列印,,,TV1Q05769,卡機未結帳,,10,10,0,,,1946,1947
667.0,希利創新_7-11 冠亨,1947upload,20260208,001747,否,AM69082E5C-260208001747,扣款,,現金,,,免開發票-不印收據,銷售,未列印,,,TV1Q05716,卡機未結帳,,10,10,0,,,1946,1947
668.0,希利創新_7-11 冠亨,1947upload,20260208,001615,否,AM69082E5C-260208001615,扣款,,現金,,,免開發票-不印收據,銷售,未列印,,,TV1Q05716,卡機未結帳,,10,10,0,,,1946,1947
669.0,希利創新_7-11 冠亨,1947upload,20260208,001557,否,AM69082E5C-260208001557,扣款,,現金,,,免開發票-不印收據,銷售,未列印,,,TV1Q05716,卡機未結帳,,10,10,0,,,1946,1947
670.0,希利創新_7-11 冠亨,1947upload,20260208,001543,否,AM69082E5C-260208001543,扣款,,現金,,,免開發票-不印收據,銷售,未列印,,,TV1Q05716,卡機未結帳,,10,10,0,,,1946,1947
671.0,希利創新_7-11 冠亨,1947upload,20260208,001529,否,AM69082E5C-260208001529,扣款,,現金,,,免開發票-不印收據,銷售,未列印,,,TV1Q05716,卡機未結帳,,10,10,0,,,1946,1947
672.0,希利創新_7-11 冠亨,1947upload,20260208,001516,否,AM69082E5C-260208001516,扣款,,現金,,,免開發票-不印收據,銷售,未列印,,,TV1Q05716,卡機未結帳,,10,10,0,,,1946,1947
673.0,希利創新_7-11 冠亨,1947upload,20260208,001502,否,AM69082E5C-260208001502,扣款,,現金,,,免開發票-不印收據,銷售,未列印,,,TV1Q05716,卡機未結帳,,10,10,0,,,1946,1947
674.0,希利創新_7-11 冠亨,1947upload,20260208,001446,否,AM69082E5C-260208001446,扣款,,現金,,,免開發票-不印收據,銷售,未列印,,,TV1Q05716,卡機未結帳,,10,10,0,,,1946,1947
675.0,希利創新_7-11 冠亨,1947upload,20260208,001338,否,AM69082E5C-260208001338,扣款,,現金,,,免開發票-不印收據,銷售,未列印,,,TV1Q05716,卡機未結帳,,10,10,0,,,1946,1947
676.0,希利創新_7-11 冠亨,1947upload,20260208,001317,否,AM69082E5C-260208001317,扣款,,現金,,,免開發票-不印收據,銷售,未列印,,,TV1Q05716,卡機未結帳,,10,10,0,,,1946,1947
677.0,希利創新_7-11 冠亨,1947upload,20260208,001308,否,AM69082E5C-260208001308,扣款,,現金,,,免開發票-不印收據,銷售,未列印,,,TV1Q05716,卡機未結帳,,10,10,0,,,1946,1947
678.0,希利創新_7-11 冠亨,1947upload,20260208,001250,否,AM69082E5C-260208001250,扣款,,現金,,,免開發票-不印收據,銷售,未列印,,,TV1Q05716,卡機未結帳,,10,10,0,,,1946,1947
679.0,希利創新_7-11 冠亨,1947upload,20260208,001236,否,AM69082E5C-260208001236,扣款,,現金,,,免開發票-不印收據,銷售,未列印,,,TV1Q05716,卡機未結帳,,10,10,0,,,1946,1947
680.0,希利創新_7-11 冠亨,1947upload,20260208,000314,否,AM690F282E-260208000314,扣款,,現金,,,免開發票-不印收據,銷售,未列印,,,TV1Q05752,卡機未結帳,,10,10,0,,,1946,1947
681.0,希利創新_7-11 冠亨,1947upload,20260208,000313,否,AM690F282E-260208000313,扣款,,現金,,,免開發票-不印收據,銷售,未列印,,,TV1Q05752,卡機未結帳,,10,10,0,,,1946,1947
682.0,希利創新_7-11 冠亨,1947upload,20260208,000249,否,AM691829A5-260208000249,扣款,,現金,,,免開發票-不印收據,銷售,未列印,,,TV1Q05806,卡機未結帳,,10,10,0,,,1946,1947
683.0,希利創新_7-11 冠亨,1947upload,20260208,000213,否,AM690F282E-260208000213,扣款,,現金,,,免開發票-不印收據,銷售,未列印,,,TV1Q05752,卡機未結帳,,10,10,0,,,1946,1947
